美容健康,彩妆,脸部彩妆,高光/阴影,2.1874320384%,1.03562464%,0.7526410335%,0.49077468%,30.3904501248%
美容健康,彩妆,脸部彩妆,底妆,1.9929419776%,0.8573881888%,0.439511094%,0.307071864%,26.3624933472%
美容健康,美甲用品及修甲工具,美甲艺术,底油,0.79103728%,0.3410489628%,0.0535036672%,0.0904679244%,8.390184375%
美容健康,彩妆,唇部彩妆,唇线笔,2.41718592%,1.1984638541%,0.2275386438%,0.5130983106%,16.6421724816%
美容健康,彩妆,化妆工具/附件,眉模具,2.88965376%,1.4043924093%,0.2096202054%,0.7233066432%,28.0279361382%
美容健康,美甲用品及修甲工具,美甲艺术,水晶粉,0.52320576%,0.2419407172%,0.1698159872%,0.2347858038%,65.3881734375%
美容健康,彩妆,唇部彩妆,唇彩,5.768717952%,3.4246448552%,2.1389823819%,2.3717283336%,36.5642932672%
美容健康,彩妆,眼部彩妆,底妆/遮瑕,0.5991784832%,0.185862173%,0.0267045%,0.0443921184%,22.7673181518%
美容健康,美甲用品及修甲工具,美甲艺术,多功能底油盖油,0.23824548%,0.0787036068%,0.02907808%,0.0366179694%,34.4901890625%
美容健康,彩妆,脸部彩妆,遮瑕,4.3926858752%,2.4702372992%,1.5248255445%,2.18822472%,69.76360032%
美容健康,成人用品,安全/避孕,润滑剂,2.4585930864%,1.1591412288%,0.30385539%,0.312542%,29.0979614306%
美容健康,美甲用品及修甲工具,美甲艺术,盖油,0.23668832%,0.0757886584%,0.0186099712%,0.0280019766%,32.1791203125%
美容健康,彩妆,眼部彩妆,眉粉/眉笔/眉膏,4.2713306624%,2.149128992%,0.70019199%,1.6417156644%,58.3530277137%
美容健康,护肤品,手部护理,洗手液,0.035029566%,0.0097157412%,0.0012171456%,0.00323661%,22.5634026096%
美容健康,美甲用品及修甲工具,美甲艺术,指甲胶,5.74124892%,4.7499084178%,5.734197376%,7.0478821104%,138.0612375%
美容健康,彩妆,眼部彩妆,眼线,4.7759561088%,2.706715511%,0.73437375%,2.2695470532%,71.7728473245%
美容健康,头发护理/造型,造型工具,扁梳/圆梳（婴儿用的请发布到婴儿梳子下）,1.6485854532%,0.83850858%,0.318202962%,0.311052859%,45.590679288%
美容健康,头发护理/造型,造型工具,烘发筒,0.4058503554%,0.11922456%,0.017120382%,0.0241025252%,30.6434132928%
美容健康,头发护理/造型,造型工具,围巾婴儿用的请发布到婴儿理发围布下）,0.8552884578%,0.4414683%,0.102131934%,0.117255528%,49.4059259232%
美容健康,美甲用品及修甲工具,美甲艺术,彩色指甲油,3.23422132%,1.9952821798%,0.9374772992%,1.6715026032%,71.8692140625%
美容健康,彩妆,眼部彩妆,闪粉,0.1274410496%,0.0367038745%,0.00320454%,0.0055490148%,40.3246739385%
美容健康,美甲用品及修甲工具,修甲工具,死皮推,1.6065753%,0.870314823%,0.122609848%,0.4675517446%,73.532886138%
美容健康,美甲用品及修甲工具,修甲工具,指甲锉,2.14549566%,1.334256966%,0.4637537192%,0.9087148958%,160.457958292%
美容健康,健康保健,家用健康监测器,血糖仪,0.331334388%,0.1278310815%,0.1115082045%,0.0266006616%,25.012848476%
美容健康,彩妆,化妆工具/附件,眉钳,1.4280973056%,0.5921993394%,0.0831454446%,0.2645919522%,56.5049929356%
美容健康,彩妆,化妆工具/附件,化妆扑,3.718528128%,1.950214692%,0.5468862342%,1.6367472018%,69.8663325468%
美容健康,彩妆,化妆工具/附件,睫毛胶,1.4874112512%,0.6718727445%,0.2435810208%,0.352346067%,74.5399944066%
美容健康,彩妆,身体彩妆,身体彩绘,1.7234370304%,0.612731106%,0.2871402768%,0.1544333661%,20.9409784106%
美容健康,护肤品,防晒/助晒,身体美黑,0.1020790896%,0.03128787%,0.0149889528%,0.00584987%,22.6129858758%
美容健康,头发护理/造型,造型工具,编发工具,1.9556369154%,0.89362182%,0.135191982%,0.327338349%,63.9281511792%
美容健康,头发护理/造型,造型用品,发蜡,0.297290982%,0.0980873635%,0.026147772%,0.016198195%,40.7180665584%
美容健康,美甲用品及修甲工具,修甲工具,打孔器,2.14734762%,1.2130224498%,0.8359106696%,0.4357501064%,103.442588384%
美容健康,头发护理/造型,造型工具,造型发卷（不带电、普通型）,1.0131729636%,0.48533394%,0.071433318%,0.1048785556%,62.3595484512%
美容健康,护肤品,手部护理,指甲护理,0.243294678%,0.0579882204%,0.0351540288%,0.050443445%,10.3518230859%
美容健康,美甲用品及修甲工具,修甲工具,指甲刀（婴儿的请发布到婴儿指甲剪下）,1.35285678%,0.7131840534%,0.1024152848%,0.2733587624%,92.5623500184%
美容健康,美甲用品及修甲工具,修甲工具,美甲指托,1.0741368%,0.4592011284%,0.0786145496%,0.1738940642%,78.8926814136%
美容健康,美甲用品及修甲工具,美甲艺术,美甲闪粉,1.64124664%,0.9517306526%,0.3826675328%,0.5341915536%,117.939867188%
美容健康,护肤品,眼部护理,眼膜,1.8075066408%,0.7975540548%,0.377617863%,0.466318125%,50.704783368%
美容健康,彩妆,化妆工具/附件,睫毛夹,1.6547069952%,0.6908992293%,0.1077377592%,0.3483572436%,89.1785208924%
美容健康,美甲用品及修甲工具,修甲工具,套装,3.6159519%,2.1598707942%,1.0869002408%,0.7672991004%,121.844065352%
美容健康,头发护理/造型,造型用品,编发造型用品,0.3074875992%,0.1065893955%,0.0076051872%,0.022677473%,45.4210534008%
美容健康,头发护理/造型,造型工具,发针（造型辅助，非装饰性）,0.5094923316%,0.168714%,0.006493938%,0.0143312312%,18.7321525776%
美容健康,彩妆,化妆工具/附件,化妆刷,11.087145216%,8.6023494402%,7.5756039594%,7.4232003474%,199.746413179%
美容健康,护肤品,手部护理,手蜡,0.112216302%,0.0361347624%,0.019450464%,0.006460675%,44.7265265157%
美容健康,护肤品,身体护理,身体乳,1.68284943%,0.6632496288%,0.334706904%,0.4381104%,48.6651760452%
美容健康,美甲用品及修甲工具,修甲工具,分趾器,1.22877546%,0.6373278198%,0.0620261584%,0.1772772172%,101.164310284%
美容健康,头发护理/造型,造型工具,梳子（婴儿用的请发布到婴儿梳子下）,2.930065215%,1.4171976%,0.671827404%,0.648162502%,107.504946965%
美容健康,护肤品,脸部护理,洁面用品,2.6647210005%,1.19676915%,0.7291255392%,0.7804914%,89.724795804%
美容健康,头发护理/造型,造型工具,帽子,0.6896550192%,0.27612858%,0.0590358%,0.076541803%,49.4666460288%
美容健康,护肤品,脸部护理,面膜,4.0699143006%,1.91002725%,1.60707018%,1.52195823%,116.47648677%
美容健康,工具/配件,镜子,化妆镜,0.96906069%,0.3977789992%,0.1796061496%,0.13965%,45.1164242452%
美容健康,头发护理/造型,造型工具,头发修剪器（婴儿用的请发布到婴儿理发器下）,2.150328852%,1.09889052%,0.654116664%,0.2488422872%,82.4579034048%
美容健康,护肤品,脸部护理,日霜,4.7555020932%,2.31604965%,1.9535809284%,1.823775915%,132.852366989%
美容健康,头发护理/造型,造型工具,直发夹板,2.358581421%,1.24398456%,1.439292804%,0.327338349%,95.1888855456%
美容健康,护肤品,防晒/助晒,脸部防晒,0.2919014604%,0.0854145%,0.0172296072%,0.01364896%,42.166501371%
美容健康,工具/配件,分装瓶及配件,分装瓶,3.1433377536%,1.4254290848%,1.2413151936%,0.5455194696%,190.186584155%
手表,表附件,表电池,表电池,0.40291%,0.098505%,0.005873%,0.008138%,8.099655%
手表,表附件,表盒,表盒,3.088352%,1.15619%,1.250949%,0.506434%,28.221336%
手表,表附件,怀表表链,怀表表链,0.43102%,0.094525%,0.006712%,0.010642%,8.280561%
手表,表附件,修理工具,修理工具,5.854376%,2.4278%,0.898569%,1.230716%,57.297864%
俄罗斯当地图书销售,工程与科学,生态，自然，环境,环境,6.6643025133%,6.7121119023%,0.0%,0.0%,0.726239384%
俄罗斯当地图书销售,儿童文学,儿童创作与休闲,儿童绘画书籍,0.1244224467%,0.068481%,1.46%,0.0%,199.645703786%
俄罗斯当地图书销售,信息科学，程序设计，国际互联网,程序设计语言，环境与科学,Html和Css编程技术,1.9757086128%,1.220888725%,0.3045143376%,0.0%,23.35169125%
俄罗斯当地图书销售,信息科学，程序设计，国际互联网,程序设计语言，环境与科学,Java、J Builder和Javascript编程技术,8.3556506592%,5.40385888%,0.3321165144%,0.0%,23.930813193%
俄罗斯当地图书销售,信息科学，程序设计，国际互联网,计算机网络与国际互联网,国际互联网,22.312368%,35.85603%,28.321376%,12.072789%,94.714394%
办公文教用品,"钢笔,铅笔及书写工具",笔盒、笔袋等,笔盒,8.761249792%,8.7503113152%,4.065346974%,7.178763456%,77.1919607028%
办公文教用品,"钢笔,铅笔及书写工具",马克笔、荧光笔等,美术用马克笔,4.5256532544%,3.2561421984%,4.5087193008%,2.1483444936%,54.00658659%
办公文教用品,文具和教具,绘图工具,量角器,0.283339875%,0.1092667187%,0.0677245101%,0.04135142%,18.8014612929%
办公文教用品,文具和教具,绘图工具,尺,2.1319477725%,1.3290860983%,0.8112317836%,1.437525728%,120.58940595%
办公文教用品,绘画用品,颜料,丙烯颜料,1.2910481496%,0.6973454332%,0.296561916%,0.2480874885%,30.7989588585%
办公文教用品,"钢笔,铅笔及书写工具",铅笔,普通铅笔,2.8171648512%,1.8617025882%,1.024513347%,1.5046706472%,120.41349684%
办公文教用品,"钢笔,铅笔及书写工具",铅笔,自动铅笔,2.1094630272%,1.4465027304%,0.93802566%,1.0997673528%,141.491819851%
办公文教用品,文具和教具,实验用品,吸液管,0.489488925%,0.25615377%,0.3660884864%,0.289189462%,214.951367652%
办公文教用品,文具和教具,教学用具,物理教学用具,1.1065220019%,0.4977176253%,0.2678694126%,0.1734733176%,60.5985578352%
办公文教用品,书写板、公告板等,白板擦、黑板擦等,白板擦,0.0676874856%,0.0297508764%,0.01397%,0.02466%,105.3261027%
办公文教用品,文具和教具,实验用品,漏斗,0.3470175675%,0.163841751%,0.139366496%,0.132146178%,235.746843546%
办公文教用品,文具和教具,教学用具,数学教学用具,0.359233266%,0.1367193816%,0.0460796154%,0.024755706%,55.7575076322%
办公文教用品,文具和教具,实验用品,实验室量筒,0.325414425%,0.167869326%,0.0816084224%,0.107450668%,259.729663409%
办公文教用品,文具和教具,实验用品,陪替式培养皿,0.1424713575%,0.058802595%,0.0413789184%,0.024796308%,237.534865772%
办公文教用品,文具和教具,教学用具,绘画教学工具,0.2765260722%,0.1101350574%,0.0134187891%,0.008251902%,84.8797468926%
办公文教用品,文具和教具,实验用品,实验室冷冻设备,0.0765681%,0.032703909%,0.027298592%,0.0%,160.494429844%
办公文教用品,文具和教具,实验用品,试管,0.639343635%,0.363126162%,0.6571776832%,0.214800538%,452.952674005%
办公文教用品,文具和教具,实验用品,实验室夹,0.216031425%,0.087640032%,0.0465512832%,0.024796308%,192.445609628%
办公文教用品,绘画用品,画纸、画布等绘画媒介,画纸,0.8283056166%,0.38875872%,0.1989842176%,0.0827521374%,94.85110806%
办公文教用品,文具和教具,教学用具,地理教学用具,0.5990005854%,0.2221689951%,0.0719044548%,0.0495725372%,65.8192982502%
运动及娱乐,运动服及配件,足球,运动衫,4.1702535168%,3.6462762045%,9.2092942854%,5.6940946524%,24.3067470552%
运动及娱乐,骑行,自行车附件,自行车车贴,0.825184468%,0.431697552%,0.0586452825%,0.337696128%,33.2116567848%
运动及娱乐,运动服及配件,橄榄球,运动衫,0.5634060576%,0.2306755762%,0.3695144106%,0.214356072%,23.615947278%
运动及娱乐,健身及塑形,拳击,擂台,0.2822903475%,0.0924609504%,0.006137824%,0.029630976%,9.9557208394%
运动及娱乐,啦啦队用品及纪念品,啦啦队用品,口哨,0.269343905%,0.110970288%,0.0365375872%,0.1163076352%,41.2972823548%
运动及娱乐,骑行,自行车附件,自行车行车电脑,1.706753558%,1.0089043488%,0.5294033325%,0.933354576%,47.339555328%
运动及娱乐,骑行,自行车附件,自行车车铃,0.909313904%,0.5005276512%,0.10532214%,0.6041008512%,65.3055740688%
运动及娱乐,骑行,自行车部件,自行车把套,0.8601268752%,0.499892028%,0.120200982%,0.382296348%,79.4952152064%
运动及娱乐,骑行,自行车部件,自行车链条 & 洗链器,0.99120924%,0.56494647%,0.174837792%,0.6045945948%,71.177808384%
运动及娱乐,水上运动,游泳及潜水,泳圈,0.6943065885%,0.3087005688%,0.158406238%,0.140676588%,34.6756207182%
运动及娱乐,骑行,骑行装备,骑行眼镜,3.036227202%,1.599348218%,1.1681496892%,1.7411925888%,64.570572684%
运动及娱乐,骑行,自行车附件,自行车灯,4.108917454%,2.8159963392%,1.88462799%,4.9284873792%,111.782168753%
运动及娱乐,骑行,自行车附件,自行车锁,0.713310218%,0.3707164992%,0.146014785%,0.3011123808%,64.3850827152%
运动及娱乐,健身及塑形,健身器材,步程计,0.9587214%,0.4501253484%,0.063810678%,0.253683712%,38.6182427267%
运动及娱乐,健身及塑形,健身器材,器材架,0.150568425%,0.0336498435%,0.001037572%,0.008826624%,11.2474838126%
运动及娱乐,健身及塑形,健身器材,拉力带,1.4980021875%,0.7490611674%,0.5947362704%,0.82463552%,94.0089252417%
运动及娱乐,运动服及配件,篮球,运动衫,2.189622396%,1.433942599%,4.0992424728%,3.036310371%,127.431380806%
运动及娱乐,运动服及配件,运动帽,高尔夫帽,0.284311326%,0.09644143%,0.0412570412%,0.0412632%,41.941609714%
运动及娱乐,球拍运动,乒乓球用品,乒乓球,0.177178496%,0.080667888%,0.06229089%,0.1295203203%,61.030066827%
运动及娱乐,健身及塑形,健身器材,腕力器,0.2707158825%,0.0882721476%,0.0215814976%,0.026643328%,30.2143824878%
运动及娱乐,运动服及配件,游泳,单件泳衣上装/单件泳裤,0.53127648%,0.2112610649%,0.046560018%,0.136381128%,87.250059512%
运动及娱乐,健身及塑形,瑜伽,瑜伽包,0.3227371875%,0.1150387875%,0.013315946%,0.03561024%,25.2999265632%
运动及娱乐,健身及塑形,健身器材,握力器,0.5153127525%,0.2180196837%,0.0385976784%,0.117197952%,63.364118342%
运动及娱乐,骑行,自行车部件,其它部件,1.6943609376%,0.5882291124%,0.0735775708%,0.1420632108%,37.7682247296%
运动及娱乐,运动服及配件,运动护具,防汗带,0.3180268488%,0.1189075456%,0.0783020903%,0.129016272%,108.519685878%
运动及娱乐,水上运动,游泳及潜水,蛙鞋,0.34725789%,0.1408395168%,0.072485481%,0.1140442254%,62.9914772124%
运动及娱乐,水上运动,游泳及潜水,泳池及附件,0.7566456555%,0.3315255777%,0.0639800845%,0.1436223798%,42.4166462346%
运动及娱乐,骑行,自行车部件,自行车刹车,1.626392304%,1.0326536688%,0.4815324188%,0.7509055428%,198.917981914%
运动及娱乐,健身及塑形,健身器材,跳绳,0.78910146%,0.3649834188%,0.1531456272%,0.28768256%,89.5776706405%
运动及娱乐,娱乐,博彩,扑克牌,0.527024862%,0.2009819362%,0.067034968%,0.1367889864%,55.927482828%
运动及娱乐,骑行,自行车部件,轴承,0.0671594832%,0.0184891572%,0.0007284908%,0.0028318248%,56.0625209856%
运动及娱乐,骑行,自行车部件,座管夹,0.360071928%,0.1520219592%,0.0196692516%,0.0769312404%,90.97163712%
运动及娱乐,运动服及配件,游泳,短裤,1.38459384%,0.9080028551%,0.1901200735%,0.2759095128%,106.719081056%
运动及娱乐,骑行,自行车部件,自行车曲柄和链轮,0.9539883216%,0.5430333948%,0.2119908228%,0.1968118236%,93.9307145472%
运动及娱乐,骑行,骑行装备,背心,0.4642968904%,0.1357263252%,0.0379605512%,0.0383092416%,34.5597580512%
运动及娱乐,骑行,骑行装备,骑行手套,2.6428327924%,1.412823736%,0.6867408808%,1.3738745664%,114.257857338%
运动及娱乐,乐器,打击乐器,鼓,0.2303966184%,0.112409396%,0.0338779068%,0.044355696%,55.7009495598%
运动及娱乐,运动服及配件,运动护具,护腕,0.7763143272%,0.2710255971%,0.0952935023%,0.320236818%,117.658450749%
运动及娱乐,健身及塑形,瑜伽,瑜伽砖,0.6837954375%,0.2872198875%,0.12671106%,0.13796928%,52.937970772%
运动及娱乐,水上运动,水上救生产品,救生衣,0.380923452%,0.150515096%,0.079529912%,0.0577854%,35.3351291161%
运动及娱乐,骑行,骑行装备,自行车安全帽,1.4203367928%,0.9342098524%,0.897249392%,0.4754852928%,122.180346043%
运动及娱乐,运动服及配件,赛跑,跑步手套,0.2301149736%,0.076947738%,0.0046049832%,0.01040958%,33.5182666896%
运动及娱乐,运动服及配件,运动护具,护齿,0.0369918144%,0.0132377541%,0.0018407363%,0.0059900412%,148.007709843%
运动及娱乐,运动服及配件,游泳,泳帽,0.72231768%,0.2546325418%,0.0667360258%,0.241289688%,88.63944768%
运动及娱乐,运动服及配件,运动护具,护胫,0.264594228%,0.0822134202%,0.0186905532%,0.0281071164%,50.9681252896%
运动及娱乐,运动服及配件,运动帽,钓鱼帽,0.6140744292%,0.208096156%,0.0314784762%,0.0663099624%,46.02042234%
运动及娱乐,运动服及配件,瑜伽,瑜伽拉力带,0.2359865664%,0.089557016%,0.016666076%,0.0518953512%,90.060992091%
运动及娱乐,运动服及配件,高尔夫,高尔夫手套,0.1539792072%,0.0522519734%,0.0241794891%,0.0249414162%,63.5250397056%
运动及娱乐,骑行,自行车部件,Skewer轮串,0.186104592%,0.0540979044%,0.0131128344%,0.0179348904%,67.5989241984%
运动及娱乐,运动服及配件,运动护具,护肘，护膝,1.654356144%,0.7006720021%,0.5595838352%,1.0272920658%,173.170782813%
运动及娱乐,球拍运动,网球用品,配件,0.204063192%,0.085081664%,0.0400346796%,0.0441590058%,104.952350333%
运动及娱乐,骑行,自行车部件,自行车座,1.6110184464%,0.955273122%,0.6753109716%,0.7155077328%,171.346578048%
运动及娱乐,运动服及配件,游泳,分体式,2.3288832%,1.4900200935%,0.1753760678%,0.2549278008%,79.599630992%
运动及娱乐,轮滑与滑板运动,滑板车,滑板车部件及附件,1.1372119248%,0.493647336%,0.262401152%,0.1455948775%,60.6024761211%
运动及娱乐,运动服及配件,游泳,比基尼套装,12.21208128%,9.3794316496%,5.222482019%,7.1379784224%,233.346863456%
运动及娱乐,球拍运动,网球用品,网球,0.10897146%,0.041210208%,0.008714673%,0.0132455232%,60.571205424%
运动及娱乐,骑行,骑行装备,面罩,0.7250350456%,0.261927996%,0.077646582%,0.240371712%,123.905280964%
运动及娱乐,运动服及配件,游泳,一体式,5.79309696%,4.1888452206%,1.4286165523%,1.7005677576%,186.054904168%
运动及娱乐,运动服及配件,瑜伽,衬衫,1.4688651024%,0.6285241385%,0.226260097%,0.2743805862%,71.5137778782%
运动及娱乐,运动服及配件,综合训练,外套,0.14911827%,0.046435008%,0.0366291366%,0.0132855%,39.2050415742%
运动及娱乐,运动服及配件,运动护具,护踝,0.3920104776%,0.13934478%,0.0386554623%,0.108281514%,108.142050966%
运动及娱乐,运动服及配件,赛跑,紧身裤,0.6732993672%,0.2585077579%,0.0963848567%,0.0815886%,73.5929363552%
运动及娱乐,球拍运动,羽毛球用品,羽毛球,0.1202757456%,0.053044736%,0.0519494928%,0.054466524%,125.353681419%
运动及娱乐,运动服及配件,运动护具,护腿,0.7018169232%,0.2784573187%,0.0884969375%,0.1453736922%,68.163101616%
运动及娱乐,骑行,骑行装备,短裤,1.7130954232%,0.8429319144%,0.5150556606%,0.4191481728%,110.09053669%
运动及娱乐,运动服及配件,运动护具,手臂套,0.8616010104%,0.3009847248%,0.1151168163%,0.2135680074%,104.567107133%
运动及娱乐,运动服及配件,赛跑,长裤,1.3868451804%,0.5248934985%,0.1967351156%,0.23745096%,44.712518656%
运动及娱乐,骑行,骑行装备,骑行鞋套,0.5351993712%,0.2039863484%,0.0741956228%,0.1291997952%,93.3601944528%
运动及娱乐,运动服及配件,摩托车 / 汽车赛车,长裤,0.168252714%,0.0675229156%,0.1012471511%,0.0297163812%,65.2112809376%
运动及娱乐,运动服及配件,乒乓球服,短裤,0.0170195616%,0.0044168916%,0.0009730504%,0.0013891944%,40.855121538%
运动及娱乐,骑行,自行车部件,自行车手把,1.8586184688%,1.2209691588%,0.8297510212%,0.7660086084%,236.906138074%
运动及娱乐,运动服及配件,赛跑,夹克,1.2840983712%,0.4206476344%,0.0544283431%,0.04009095%,19.5026118032%
运动及娱乐,娱乐,博彩,骰子,0.5023028115%,0.18968016%,0.0618906288%,0.1382972358%,123.77782168%
运动及娱乐,骑行,自行车部件,自行车车头碗,0.4579791264%,0.2013263784%,0.0553653008%,0.099113868%,168.16756919%
运动及娱乐,骑行,自行车部件,自行车变速器,0.841516416%,0.4882507068%,0.2425874364%,0.202947444%,171.066665318%
运动及娱乐,狩猎用品,狩猎用光学器材,镭射器件,1.131705729%,0.5706398188%,0.3366065916%,0.2832425154%,128.602146451%
运动及娱乐,运动服及配件,露营，远足,登山眼镜,0.54294039%,0.1735011474%,0.0564369232%,0.0577515996%,75.011774553%
运动及娱乐,乐器,木管乐器,口琴,0.3609255936%,0.12092976%,0.063586116%,0.1244459106%,75.9355661736%
运动及娱乐,乐器,键盘乐器,钢琴,0.1779454404%,0.06934997%,0.0174708%,0.0222543684%,51.9428837256%
运动及娱乐,运动服及配件,赛跑,短裤,1.0123164888%,0.3656849644%,0.0759822228%,0.112747005%,45.3627848528%
运动及娱乐,运动服及配件,瑜伽,长裤,2.2074576732%,1.0730591655%,0.4672841635%,0.5976543132%,108.200575222%
运动及娱乐,骑行,自行车部件,自行车脚踏,0.9030118464%,0.5108485656%,0.2564287616%,0.2279618964%,198.458125286%
运动及娱乐,运动服及配件,高尔夫,长裤,0.1472927652%,0.0511643155%,0.0380894516%,0.0117409434%,52.2853122856%
运动及娱乐,骑行,自行车部件,后减震器,0.06068628%,0.0232826424%,0.0065564172%,0.0028318248%,74.2168608768%
运动及娱乐,运动服及配件,瑜伽,瑜伽发带,0.412220124%,0.116279674%,0.017571841%,0.044497047%,30.6657465762%
运动及娱乐,骑行,自行车部件,自行车管颈,0.6610758768%,0.345815718%,0.1682813748%,0.1614140136%,212.973599693%
运动及娱乐,运动服及配件,棒球,运动衫,2.188907616%,1.1602576568%,3.968711015%,2.0305489428%,335.290717408%
运动及娱乐,运动服及配件,网球,裤裙,0.10967541%,0.0341530544%,0.0037498671%,0.00300096%,28.2431822064%
运动及娱乐,骑行,自行车部件,自行车飞轮,0.2087608032%,0.0897066516%,0.0305966136%,0.0207667152%,146.294388749%
运动及娱乐,运动服及配件,单板滑雪,长裤,0.1126506276%,0.0325257088%,0.0061314745%,0.0050016%,22.5449575488%
运动及娱乐,运动服及配件,运动帽,跑步帽,0.5186066796%,0.1545100375%,0.0169721876%,0.0294825564%,31.298643824%
运动及娱乐,骑行,自行车部件,自行车车胎,0.4984366464%,0.2218698864%,0.0662926628%,0.0490849632%,121.102243085%
运动及娱乐,球拍运动,乒乓球用品,乒乓球配附件,0.125374464%,0.038524528%,0.01467882%,0.0161767368%,67.6825403493%
运动及娱乐,运动服及配件,滑板,短裤,0.2528839656%,0.0744212442%,0.012344283%,0.009378%,25.557011166%
运动及娱乐,运动服及配件,排球,运动衫,0.0849444552%,0.023495796%,0.0017320445%,0.0%,16.59738015%
运动及娱乐,乐器,弦乐器,吉他部件及附件,2.7605874192%,1.903628404%,1.632254433%,2.8951532544%,395.441721246%
运动及娱乐,狩猎用品,打猎背包&枪套,弹药袋,0.7665447636%,0.3648303124%,0.0871926872%,0.1096941216%,135.590178355%
运动及娱乐,乐器,打击乐器,零配件,0.1830013458%,0.08151209%,0.0283814412%,0.0325248%,148.470382373%
运动及娱乐,高尔夫用品,高尔夫球杆部件,高尔夫球杆握把,0.186151581%,0.088793796%,0.1766995824%,0.0790065367%,291.1397536%
运动及娱乐,运动服及配件,露营，远足,衬衫,0.60701067%,0.1819960107%,0.0661674272%,0.039987792%,55.24299891%
运动及娱乐,运动服及配件,露营，远足,长裤,1.58408244%,0.7148556177%,0.392000304%,0.2503850976%,102.185851372%
运动及娱乐,滑雪用品,滑雪用品,其它滑雪用品,0.3898492832%,0.1152056919%,0.028038%,0.04844%,28.507701432%
运动及娱乐,运动服及配件,打猎,衬里衫,0.151377408%,0.0438786972%,0.0110288904%,0.010281414%,84.3133667996%
运动及娱乐,运动服及配件,武术,衬衫,0.3242276736%,0.0833497792%,0.0262457424%,0.0118472274%,26.01861108%
运动及娱乐,运动服及配件,滑雪,滑雪眼镜,0.893466336%,0.330551262%,0.277474638%,0.2964835944%,130.144922712%
运动及娱乐,运动服及配件,滑雪,滑雪手套,0.3716578752%,0.1359731399%,0.051965032%,0.0963617634%,116.496486691%
运动及娱乐,运动服及配件,滑板,帽衫,0.24720558%,0.0692907324%,0.0121080447%,0.009378%,38.4641406564%
运动及娱乐,娱乐,桌球用品,台球配件,0.267991416%,0.1165639215%,0.0482423612%,0.0714040929%,332.839164369%
运动及娱乐,运动服及配件,网球,连衣裙,0.1985139%,0.0485261736%,0.0020418531%,0.00150048%,18.4917996536%
运动及娱乐,运动服及配件,打猎,隐密猎装,0.68722848%,0.2966499956%,0.1215455296%,0.035262843%,94.3676152772%
运动及娱乐,运动服及配件,打猎,配件/配饰,1.062137088%,0.3980960434%,0.0680277576%,0.079345695%,135.319166154%
运动及娱乐,骑行,电动自行车部件,电动自行车电机,0.76905169%,0.478597266%,0.5801730114%,0.02471553%,60.79862052%
运动及娱乐,马术运动,骑士装备,马裤,0.031698272%,0.011930317%,0.0031191264%,0.0025%,45.3610639248%
运动及娱乐,乐器,木管乐器,零配件,0.1646018088%,0.07443472%,0.038811762%,0.0489092769%,578.047482375%
运动及娱乐,乐器,木管乐器,短笛,0.0919056138%,0.022906272%,0.002381346%,0.0014792976%,47.2194264339%
运动及娱乐,运动服及配件,武术,长裤,0.089551104%,0.0233871296%,0.0064682712%,0.0029625102%,57.58448015%
运动及娱乐,马术运动,马匹装备,马勒、缰绳,0.04802466%,0.017929443%,0.0022564652%,0.0025%,73.3666039392%
运动及娱乐,娱乐,游乐园设施,水上游乐设备,0.312482205%,0.1092290814%,0.0611448937%,0.004437%,160.500725142%
运动及娱乐,乐器,铜管乐器,小号,0.1955425992%,0.08140545%,0.0598034346%,0.0250256556%,1068.04590978%
孕婴童,婴儿活动用品,游泳池和配件,充气泳池配件,1.369645992%,0.4608557496%,0.109659268%,0.1149627024%,13.252957512%
孕婴童,婴儿护理,头发护理,婴儿理发围布,0.149913021%,0.037419008%,0.0023031918%,0.0111909579%,12.9811199892%
孕婴童,婴儿护理,尿布/尿裤用品,尿湿提醒器,0.114517746%,0.023712768%,0.005341245%,0.0028580286%,9.843091512%
孕婴童,婴儿护理,口腔护理,乳牙刷/训练牙刷,1.283380167%,0.5074084864%,0.0834711227%,0.4878224091%,21.204462104%
孕婴童,婴儿护理,头发护理,梳子,0.455242983%,0.148504576%,0.0067827942%,0.0279752268%,14.3023401104%
孕婴童,婴儿喂养用品,食物喂养,婴儿喂养碗,0.9382644409%,0.3230526675%,0.130358886%,0.3502718856%,30.1392010765%
孕婴童,婴儿喂养用品,母乳喂养,吸乳器配件,0.1716861744%,0.0423281796%,0.0063732024%,0.0223973232%,16.9792621525%
孕婴童,婴儿喂养用品,母乳喂养,防溢乳垫,0.3047307312%,0.1051746654%,0.0255901104%,0.060228096%,39.105147745%
孕婴童,婴儿护理,洗浴用品,洗头帽,1.050254436%,0.4259346432%,0.0942746448%,0.3252163698%,56.0147696004%
孕婴童,婴儿活动用品,婴儿推车及配件,婴儿推车配件,4.41788061%,2.231750016%,2.1696547824%,1.7713432968%,50.83886292%
孕婴童,婴儿喂养用品,奶粉喂养,奶粉搅拌器,0.0221492082%,0.0051172494%,3.47652e-05%,0.0%,19.161773583%
孕婴童,婴儿喂养用品,奶粉喂养,奶瓶刷,0.5632227228%,0.1822573827%,0.0160441398%,0.077083515%,27.446805435%
孕婴童,婴儿喂养用品,奶粉喂养,奶嘴,0.2662901046%,0.0891353442%,0.0079438482%,0.0294252%,35.471611329%
孕婴童,婴儿护理,洗浴用品,水温计,0.356579892%,0.1190019072%,0.0087063648%,0.0434567142%,35.3969748886%
孕婴童,婴儿服装/配件（0-2岁）,配件,手套，连指手套,0.7351017036%,0.23509776%,0.0171563808%,0.0696926159%,32.785229529%
孕婴童,婴儿服装/配件（0-2岁）,袜子/暖腿套,连裤袜,0.53865825%,0.1796904%,0.032352168%,0.0644617744%,35.776927186%
孕婴童,婴儿喂养用品,母乳喂养,喂养罩衣,0.2594857992%,0.0901748736%,0.03405528%,0.0476178384%,50.3404105225%
孕婴童,婴儿护理,洗浴用品,婴儿浴擦,0.771128373%,0.2298329088%,0.0183764112%,0.081324945%,25.390487824%
孕婴童,儿童服装（2岁以上）,睡衣/睡袍,睡裙,0.3381915768%,0.1061506232%,0.040795%,0.06160734%,51.251075568%
孕婴童,婴儿护理,尿布/尿裤用品,婴儿尿布/尿裤,3.0229316775%,1.51847424%,1.2159549675%,1.4190111999%,107.71277773%
孕婴童,儿童服装（2岁以上）,睡衣/睡袍,睡袍,0.651793527%,0.2186030644%,0.1182035125%,0.10359936%,48.3405206592%
孕婴童,婴儿服装/配件（0-2岁）,配件,围兜围嘴,3.8496980424%,1.9130504%,0.8663972304%,2.1800476704%,109.732266657%
孕婴童,婴儿服装/配件（0-2岁）,袜子/暖腿套,短袜,3.5585085%,1.8326757%,0.44713679%,1.5222756668%,97.3104366%
孕婴童,婴儿服装/配件（0-2岁）,外套和大衣,春秋夹克/外套,1.640860515%,0.810670805%,0.2165783408%,0.1714918193%,62.8544642804%
服装/服饰配件,女装,袜子,袜垫,0.0328089696%,0.0047205158%,0.0022595814%,0.0080758755%,16.788503952%
服装/服饰配件,女装,上衣，T恤,Polo衫,0.4159870626%,0.0736635627%,0.0442124208%,0.033331662%,12.6658371276%
服装/服饰配件,女装,贴身衣物,内衣配件（乳贴/乳垫/肩带等）,1.2285337116%,0.3432252096%,0.1107775116%,0.490236327%,71.850877476%
服装/服饰配件,服饰配饰（男/女/儿童配件，婴儿配饰发到婴儿服装）,眼镜及配件,眼镜盒/眼镜袋,1.1635672842%,0.3128294661%,0.0985275%,0.2818633114%,28.4485236024%
服装/服饰配件,服饰配饰（男/女/儿童配件，婴儿配饰发到婴儿服装）,眼镜及配件,阅读镜,1.2893225652%,0.3179683485%,0.1528875%,0.2841092342%,29.4227008878%
服装/服饰配件,女装,贴身衣物,衬裙,0.3252339012%,0.094702608%,0.0409178196%,0.086230494%,35.861628012%
服装/服饰配件,服饰配饰（男/女/儿童配件，婴儿配饰发到婴儿服装）,眼镜及配件,擦镜布,0.9570638754%,0.1817879649%,0.01528875%,0.0685006454%,5.7049859328%
服装/服饰配件,服饰配饰（男/女/儿童配件，婴儿配饰发到婴儿服装）,眼镜及配件,太阳镜,11.3828385402%,5.3521460196%,7.393809375%,9.6720665382%,76.1004373536%
服装/服饰配件,男装,上衣，T恤,Polo衫,2.9674108296%,1.0611634176%,1.0010728772%,0.7045369744%,26.472736279%
服装/服饰配件,女装,贴身衣物,文胸套装,3.7085858628%,1.3109136768%,0.8143644096%,0.998038125%,68.405098272%
服装/服饰配件,女装,贴身衣物,安全裤,0.4125758676%,0.0683006688%,0.0029939868%,0.006387444%,10.890363904%
服装/服饰配件,女装,贴身衣物,女士内裤,4.9037917188%,2.135113344%,0.9515888046%,3.2583948705%,135.034131337%
服装/服饰配件,服饰配饰（男/女/儿童配件，婴儿配饰发到婴儿服装）,帽子,牛仔帽,0.225220662%,0.0386132373%,0.0104445%,0.010966305%,14.042620072%
服装/服饰配件,女装,贴身衣物,文胸(不要发布哺乳/情趣文胸),4.0556552556%,1.5066324%,0.9446028354%,1.7445706425%,89.313746158%
服装/服饰配件,服饰配饰（男/女/儿童配件，婴儿配饰发到婴儿服装）,帽子,棒球帽,5.9305030875%,2.4790478412%,2.026233%,2.4160963176%,85.2655268192%
服装/服饰配件,男装,短裤(外穿),休闲短裤,2.8580955888%,1.0044711936%,1.1164573112%,0.8614715648%,47.9886702625%
服装/服饰配件,男装,睡衣，家居服,睡袍睡裤套装,0.012918204%,0.001778976%,0.000656944%,0.0003930892%,12.0423353325%
服装/服饰配件,男装,内衣,丁字裤,1.1582654314%,0.4390638912%,0.137277525%,0.2391303208%,67.798959228%
服装/服饰配件,女装,袜子,长筒袜,1.1013374568%,0.3283242963%,0.157391532%,0.519303267%,105.808473808%
服装/服饰配件,女装,袜子,短袜,2.2269088116%,0.6514311804%,0.3690909342%,1.1812803345%,100.461689424%
服装/服饰配件,男装,内衣,三角裤,1.6317169946%,0.5242577472%,0.3046776612%,0.4524566284%,80.814297564%
服装/服饰配件,男装,睡衣，家居服,睡裤,0.22386033%,0.0422169408%,0.014547852%,0.0106510446%,19.5168882975%
服装/服饰配件,男装,内衣,平脚裤,2.567091268%,0.927666432%,1.0180501254%,1.227167956%,95.061904938%
服装/服饰配件,男装,上衣，T恤,背心,2.6653484403%,0.8002215936%,0.5245421232%,0.5635125468%,45.807930773%
服装/服饰配件,世界民族服装,穆斯林服饰,男士穆斯林长袍,0.0464016195%,0.008826196%,0.0030971808%,0.0004084992%,6.3159387676%
服装/服饰配件,服饰配饰（男/女/儿童配件，婴儿配饰发到婴儿服装）,帽子,渔夫帽,1.0347227955%,0.2784833478%,0.0946335%,0.138175443%,44.4235919244%
服装/服饰配件,服饰配饰（男/女/儿童配件，婴儿配饰发到婴儿服装）,帽子,军帽,0.245527443%,0.050704251%,0.015825%,0.0188620446%,34.3491953896%
服装/服饰配件,女装,睡衣，家居服,普通睡裙,1.66610451%,0.6038712862%,0.274592466%,0.4174409925%,90.2603481948%
服装/服饰配件,服饰配饰（男/女/儿童配件，婴儿配饰发到婴儿服装）,帽子,太阳帽,1.7860736925%,0.5487760089%,0.20889%,0.3153909318%,59.4523510464%
服装/服饰配件,女装,上衣，T恤,背心，吊带,7.7502139002%,3.1775368898%,1.6849171872%,2.955407364%,90.3564892044%
服装/服饰配件,新奇特及特殊用途服装,情趣服装（不要发布日常穿着的性感内衣）,性感睡裙（短、露、透）,2.975691996%,1.2893862891%,0.750388287%,1.7370979596%,101.958760886%
服装/服饰配件,女装,睡衣，家居服,睡裤,0.15941331%,0.0253523452%,0.0028812564%,0.002785671%,10.856467104%
服装/服饰配件,新奇特及特殊用途服装,情趣服装（不要发布日常穿着的性感内衣）,袜子,0.4374641535%,0.1125122271%,0.0145012164%,0.0434944428%,30.646318134%
服装/服饰配件,男装,西服,正装西服外套,0.4001886007%,0.084043008%,0.0326328288%,0.0163491076%,22.376801524%
服装/服饰配件,女装,休闲西装/正装西服,单件西装,1.9165624544%,0.6706666512%,0.4466179512%,0.29102283%,54.137335905%
服装/服饰配件,女装,外套/大衣,外套背心/马甲,2.452498664%,0.8307177788%,0.402193332%,0.254071188%,65.3942380134%
服装/服饰配件,男装,西服,西装马甲,0.4913441345%,0.1033772544%,0.0415231828%,0.0255409924%,33.157566596%
服装/服饰配件,女装,外套/大衣,夹克/短外套,5.656728616%,2.5846903264%,1.781902908%,1.048526136%,119.409331162%
服装/服饰配件,男装,西服,西装长裤,0.437335798%,0.0808206336%,0.0254159532%,0.0115616676%,22.654952936%
服装/服饰配件,新奇特及特殊用途服装,工作服/制服（不要发布cosplay/情趣制服）,军装,0.425729246%,0.113387001%,0.0615262912%,0.0115241688%,10.5163011492%
服装/服饰配件,世界民族服装,穆斯林服饰,穆斯林套装,0.0419893065%,0.0080776452%,0.0007021728%,0.0004084992%,28.5353204752%
服装/服饰配件,男装,外套/大衣,外套背心,1.1826155712%,0.3472504128%,0.1728199242%,0.0657079024%,47.51780605%
服装/服饰配件,男装,外套/大衣,夹克,4.7901117544%,1.7852819904%,1.9162944108%,0.639307816%,80.593620965%
服装/服饰配件,男装,睡衣，家居服,睡袍,0.2153034%,0.0449160768%,0.030807216%,0.0134152144%,52.381907325%
服装/服饰配件,男装,睡衣，家居服,睡衣,0.044827272%,0.0064165824%,0.001097788%,0.0007903602%,17.33055654%
服装/服饰配件,世界民族服装,穆斯林服饰,祷告装,0.013236939%,0.002122756%,0.0004191264%,0.0004084992%,24.1732332688%
服装/服饰配件,扮演服及配件（不要发布情趣制服）,动漫配件,面具和眼镜,0.4825334602%,0.095461056%,0.0355773015%,0.015876288%,27.7951067725%
服装/服饰配件,扮演服及配件（不要发布情趣制服）,动漫配件,长筒袜，连裤袜和短袜,0.116542602%,0.0173135736%,0.0027355497%,0.00357072%,14.5729819675%
服装/服饰配件,世界民族服装,穆斯林服饰,女士长袍,0.244774872%,0.0815808648%,0.038347344%,0.0118656252%,70.332165002%
服装/服饰配件,世界民族服装,穆斯林服饰,女士头巾,0.1029660255%,0.020613078%,0.0097651008%,0.0069551244%,84.937367702%
服装/服饰配件,女装,外套/大衣,风衣,2.765226772%,0.999399492%,0.5295101616%,0.229095468%,99.2970510636%
服装/服饰配件,女装,外套/大衣,皮衣,2.112147884%,0.6816010292%,0.5252485104%,0.1759653%,88.9345995546%
服装/服饰配件,新奇特及特殊用途服装,工作服/制服（不要发布cosplay/情趣制服）,厨师服装,0.139666993%,0.0297159135%,0.0158442538%,0.0067565064%,35.9837366448%
服装/服饰配件,男装,西服,休闲西服,1.6076042406%,0.4888429056%,0.346200844%,0.11609542%,87.339543368%
服装/服饰配件,扮演服及配件（不要发布情趣制服）,动漫配件,领带,0.0155390136%,0.0022964688%,0.0003940404%,0.000396288%,19.7355348825%
服装/服饰配件,扮演服及配件（不要发布情趣制服）,动漫配件,手套,0.038847534%,0.0062139744%,0.00151554%,0.001188864%,24.33495939%
服装/服饰配件,新奇特及特殊用途服装,舞台表演服和舞蹈服,弗拉门科舞服,0.034041424%,0.0068278392%,0.005081714%,0.0008024688%,20.841265992%
服装/服饰配件,世界民族服装,传统中国服装,长袍,0.0417019885%,0.00769296%,0.002260737%,0.000819126%,25.5335558562%
服装/服饰配件,新奇特及特殊用途服装,舞台表演服和舞蹈服,肚皮舞服,0.7399754542%,0.2166834852%,0.257319518%,0.0769796856%,144.296495554%
服装/服饰配件,新奇特及特殊用途服装,舞台表演服和舞蹈服,芭蕾舞服,0.6631694913%,0.1702943424%,0.2267368392%,0.0550455384%,102.602254993%
服装/服饰配件,世界民族服装,传统中国服装,中式服装套装,0.066862083%,0.012623448%,0.003282714%,0.000819126%,36.8458907292%
服装/服饰配件,世界民族服装,传统中国服装,中式上衣,0.0730810775%,0.015936666%,0.0055248696%,0.0016361244%,70.7828953482%
服装/服饰配件,扮演服及配件（不要发布情趣制服）,动漫服饰,服装,6.0571732074%,1.7659714268%,1.7969800995%,0.406997712%,125.0825286%
玩具,娃娃/填充及毛绒玩具,填充动物/毛绒玩具,手偶,1.1088050688%,0.4848264%,0.2394386148%,0.6514228728%,62.7685839495%
玩具,经典玩具,过家家玩具,仿真维修工具玩具,0.518690458%,0.188810622%,0.03617472%,0.065349207%,21.307803985%
玩具,娃娃/填充及毛绒玩具,人形娃娃及配件,娃娃配件,6.5696185548%,4.4689634%,1.8451857732%,3.9293499483%,117.023924219%
玩具,经典玩具,过家家玩具,仿真厨房类玩具,1.624988288%,0.7757373162%,0.2182239984%,0.291478209%,44.2644735494%
玩具,户外玩具,可骑乘玩具,可骑乘玩具车,1.022293408%,0.5802603042%,0.1001620065%,0.0055582779%,10.5033116448%
玩具,娃娃/填充及毛绒玩具,填充动物/毛绒玩具,毛绒背包,1.1450302344%,0.447372%,0.1231617156%,0.1167644772%,28.5502089015%
玩具,益智玩具,读物,布书,0.2194875%,0.0772919424%,0.013201452%,0.0245916%,44.1001398111%
玩具,娃娃/填充及毛绒玩具,填充动物/毛绒玩具,填充/毛绒动物,12.1401554976%,7.7634648%,4.6457211108%,5.2640586864%,155.567979567%
工具,仪器仪表,电工仪器仪表,电压测量仪表,4.8064782428%,3.4353708792%,3.001028112%,5.938037595%,81.5400170083%
工具,仪器仪表,电工仪器仪表,电池测试器,1.2080351684%,0.644332143%,0.3779392752%,0.699520815%,61.2377025552%
工具,仪器仪表,流量测量仪器,水表,0.0243112704%,0.0096094635%,0.0057091584%,0.005194182%,41.203009848%
工具,仪器仪表,量具,卷尺,0.74281766%,0.4003215372%,0.1350525696%,0.426315162%,100.298098747%
工具,仪器仪表,量具,游标卡尺,1.405675635%,1.0031998743%,1.3209251328%,1.3104695352%,95.796002775%
工具,仪器仪表,光学仪器,激光水平仪,1.6681806162%,1.3411923174%,2.341647%,0.7681937648%,74.4506048763%
工具,仪器仪表,光学仪器,放大镜,3.0409295301%,2.0925357375%,2.2235346%,3.0926147742%,140.090593461%
工具,仪器仪表,电工仪器仪表,电能仪表,0.6776782652%,0.4034079504%,0.665934192%,0.3155733%,80.2012297868%
工具,仪器仪表,电工仪器仪表,频率测量仪表,0.4220044176%,0.2169118146%,0.177294168%,0.099931545%,59.0326412492%
工具,仪器仪表,光学仪器,望远镜,4.0767201972%,3.791182395%,2.7934956%,1.7720833438%,106.732272308%
工具,仪器仪表,分析仪器,PH计,1.6252123531%,1.1389399242%,1.8341942736%,2.00350416%,218.327206314%
工具,仪器仪表,压力测量仪器,压力监控器,0.138177388%,0.0398380554%,0.011175552%,0.0315787248%,15.669490035%
工具,仪器仪表,光学仪器,激光测距仪,1.8212355945%,1.0851644154%,2.7715212%,0.936434548%,121.015878353%
工具,仪器仪表,电子测量仪器,信号发生器,0.4646933928%,0.3064066902%,0.6649872%,0.0998994528%,137.433812913%
工具,仪器仪表,电子测量仪器,金属探测仪,1.517098284%,1.2436686717%,2.3726743296%,0.3574611488%,138.132757677%
工具,仪器仪表,物理量测量仪器,高度测量仪器,0.1030536288%,0.0412812972%,0.012598656%,0.0104961304%,77.1638095728%
工具,仪器仪表,电子测量仪器,示波器,2.0429256744%,1.5409015089%,3.531082032%,0.6203033984%,151.595041618%
工具,仪器仪表,物理量测量仪器,厚度测量仪器,1.3543147104%,0.7313799636%,1.1387385216%,0.4465110608%,89.8427971156%
工具,仪器仪表,物理量测量仪器,速度测量仪器,0.874615904%,0.4444879296%,0.4251146496%,0.2311276282%,185.044192118%
工具,仪器仪表,压力测量仪器,压力表/压力计,1.001341286%,0.5475613572%,0.289936512%,0.2630597634%,203.229641687%
工具,仪器仪表,流量测量仪器,流量传感器,0.5139987264%,0.230627124%,0.1687445568%,0.0882559272%,168.905928191%
工具,仪器仪表,流量测量仪器,流量计,0.3532827648%,0.1899535989%,0.4743142848%,0.0571058908%,345.893985237%
珠宝饰品及配件,精品珠宝,耳饰,耳圈,0.5466412315%,0.1437421788%,0.0149858418%,0.0117453882%,2.1144990384%
珠宝饰品及配件,流行饰品,耳饰,耳夹,3.8511224448%,1.9938447892%,0.3426386418%,0.954162024%,48.7026543025%
珠宝饰品及配件,流行饰品,耳饰,耳圈,4.9035737992%,2.6819236176%,0.8209529874%,1.448486928%,70.9083846625%
珠宝饰品及配件,流行饰品,耳饰,耳钉,17.6297400644%,11.7518936472%,6.4974864591%,15.2183094864%,182.94203719%
电话和通讯,手机配件和零件,sim卡和配件,Sim卡读卡器和备份器,0.161543025%,0.0464413314%,0.0083012436%,0.0129815406%,20.013142996%
电话和通讯,手机配件和零件,sim卡和配件,micro Sim 剪卡器,0.083729625%,0.024582903%,0.008645634%,0.018182283%,39.79851414%
电话和通讯,手机配件和零件,sim卡和配件,sim卡附件和工具套装,0.227523975%,0.0612537048%,0.004412502%,0.0166179972%,42.217820568%
家居用品,园艺用品,肥料,复合肥,0.052572024%,0.014483106%,0.003488584%,0.0103519647%,9.868316175%
家居用品,家居日用品,打火机和烟具,火柴,0.1872847062%,0.06457503%,0.0234902784%,0.1184095413%,4.930063125%
家居用品,宠物用品,养猫用品,猫美容用品,0.4036537435%,0.1604375732%,0.0673186995%,0.1521906368%,7.5754921788%
家居用品,家庭清洁用具及附件,家用日化产品,蜡和上光剂,0.0722520942%,0.0172510404%,0.002873024%,0.002757426%,3.60052236%
家居用品,宠物用品,养猫用品,猫马甲/背心,0.162098566%,0.0611978372%,0.0069487415%,0.0151437632%,5.2753111866%
家居用品,园艺用品,花园灌溉用品,园林灌溉计时器,0.3932058372%,0.154181524%,0.17006064%,0.0558659712%,7.430741154%
家居用品,手工艺品&缝纫用品（半成品）,家居手工缝纫用品,缝纫工具及附件,3.0550540734%,1.527309791%,0.746380628%,1.274023962%,15.4901666016%
家居用品,家庭清洁用具及附件,洗衣产品,烫衣板,0.2588767896%,0.0730879992%,0.0104597724%,0.0455504%,14.7336378981%
家居用品,园艺用品,花盆与种植,育苗托盘和盖子,0.19668777%,0.07199286%,0.0100847616%,0.0338933556%,6.9907191696%
家居用品,园艺用品,园林工具,中耕工具,0.114404778%,0.024527984%,0.0042444864%,0.0048425418%,2.6233484571%
家居用品,宠物用品,养猫用品,猫项圈和牵引,0.31499503%,0.1377168968%,0.0300522005%,0.0867628864%,17.3536514424%
家居用品,手工艺品&缝纫用品（半成品）,服装缝纫用品及面料,裁缝剪,0.2609204052%,0.106268316%,0.08431592%,0.1022187264%,29.0732155925%
家居用品,宠物用品,养猫用品,角色扮演服,0.199968755%,0.0749521164%,0.0121713625%,0.0165661056%,7.1949967362%
家居用品,厨房吧台用品,烹调工具,点火器,0.3419706792%,0.114290163%,0.0119011936%,0.013178324%,12.3076722808%
家居用品,家庭清洁用具及附件,家用日化产品,管道疏通剂,0.1901870322%,0.0450106371%,0.0082775616%,0.02826565%,8.671258017%
家居用品,家装,龙头，阀门,厨房龙头附件,0.6030538452%,0.2212054416%,0.0401676336%,0.1182718875%,9.210351052%
家居用品,园艺用品,花盆与种植,盆栽,6.424639008%,4.1194314492%,1.7436132608%,12.7517232492%,112.080710621%
家居用品,厨房吧台用品,烹调工具,海鲜工具,0.7152669168%,0.2613044325%,0.0331001947%,0.129008856%,14.8720009464%
家居用品,家庭装饰品,家居装饰工艺品,石头工艺品,0.28351368%,0.0684310176%,0.019511314%,0.0104749344%,36.4096732131%
家居用品,宠物用品,鱼和水生生物用品,二氧化碳和臭氧设备,0.2837009175%,0.1480739304%,0.0864158025%,0.0578429496%,29.05220682%
家居用品,宠物用品,养猫用品,猫羽绒服/棉服,0.0628220425%,0.0189774232%,0.001593342%,0.00209168%,3.6749358828%
家居用品,宠物用品,家畜家禽类用品,家禽家畜笼子和附件,0.285304656%,0.12446805%,0.0483949404%,0.0282648257%,12.92959395%
家居用品,宠物用品,鱼和水生生物用品,喂食/水器,0.263740932%,0.102119952%,0.0441113875%,0.0296471032%,16.190644743%
家居用品,宠物用品,养狗用品,狗大衣/夹克,1.5509014955%,0.9960655984%,0.6366141504%,0.821889513%,53.2174288464%
家居用品,厨房吧台用品,桌面装饰品及附件,牙签,0.2391722413%,0.067354144%,0.0092701102%,0.0214012656%,10.4223689856%
家居用品,宠物用品,鱼和水生生物用品,鱼缸清洁工具,0.3769970295%,0.1758565644%,0.0740858725%,0.0916365008%,33.463020591%
家居用品,宠物用品,鱼和水生生物用品,空气泵及附件,0.402788022%,0.2051409624%,0.07142856%,0.0812703808%,33.312902805%
家居用品,家居日用品,防尘保护罩,遥控器套,0.0056590626%,0.001398215%,0.0%,0.0%,9.4341036465%
家居用品,家居日用品,打火机和烟具,香烟配件,0.434057814%,0.156898755%,0.0730562432%,0.0668154006%,15.1629196875%
家居用品,宠物用品,鱼和水生生物用品,过滤器及附件,0.5281546725%,0.3535152456%,0.140093515%,0.112990708%,33.034743378%
家居用品,宠物用品,鱼和水生生物用品,控温器材,0.2002726635%,0.100618188%,0.0449617275%,0.0372143708%,32.681525058%
家居用品,宠物用品,家畜家禽类用品,家禽喂养用品,0.512948072%,0.212990285%,0.1392681276%,0.1151252213%,18.431949627%
家居用品,宠物用品,养狗用品,狗纪念品,0.0236487685%,0.0059260224%,0.0005068584%,0.0022064148%,19.3535054622%
家居用品,宠物用品,养狗用品,电推子,0.3303198955%,0.1427183728%,0.1500300864%,0.0479895219%,20.383682319%
家居用品,手工艺品&缝纫用品（半成品）,服装缝纫用品及面料,服装用气眼,0.1137345356%,0.0422658075%,0.02270044%,0.0301180176%,28.6207141825%
家居用品,手工艺品&缝纫用品（半成品）,剪贴簿及印章,印章,1.009726991%,0.52634736%,0.369472%,0.521304%,35.8644282525%
家居用品,厨房吧台用品,厨房刀具及附件,磨刀器,1.454608935%,0.76913955%,0.6173500828%,0.4859123528%,29.8887244513%
家居用品,园艺用品,花园灌溉用品,园林水连接件,0.4412622588%,0.211812482%,0.0961886848%,0.1075688532%,50.8861482813%
家居用品,宠物用品,昆虫用品,其它,0.18810428%,0.0694113706%,0.0230836642%,0.017641629%,13.540988916%
家居用品,厨房吧台用品,烹调工具,鸡蛋工具,1.5567062216%,0.870363549%,0.2086428003%,0.688740828%,60.0130279736%
家居用品,宠物用品,鱼和水生生物用品,水族箱/鱼缸,0.416692731%,0.233524302%,0.0766368925%,0.0744287416%,26.663567931%
家居用品,厨房吧台用品,烧烤用品,烧烤工具,0.8756356758%,0.327380716%,0.1334542368%,0.1729894064%,27.4299722658%
家居用品,园艺用品,花园灌溉用品,灌溉套装,0.806528316%,0.409297416%,0.2837924224%,0.1827058986%,30.7185396444%
家居用品,厨房吧台用品,烹调工具,肉类工具,1.0850825368%,0.482558466%,0.1591784644%,0.230273872%,28.3236733%
家居用品,厨房吧台用品,烹调工具,滤网,0.7779180336%,0.3795019515%,0.0963252857%,0.25663052%,43.024350564%
家居用品,厨房吧台用品,烘培用具,烘培与面点工具,3.6431283924%,2.3467713325%,1.1748210045%,2.2066343208%,71.12022606%
家居用品,家庭装饰品,钟,钟的零部件和附件,0.5822496%,0.235605456%,0.077138048%,0.1274350448%,37.6163006747%
家居用品,厨房吧台用品,烧烤用品,烧烤附件,0.46138593%,0.145593168%,0.067895208%,0.046875712%,15.6868943062%
家居用品,厨房吧台用品,饮具,水瓶和水壶,3.3915741228%,1.6986977115%,1.1149661786%,1.48648344%,32.2874320015%
家居用品,厨房吧台用品,烹调工具,乳酪工具,0.2688777096%,0.0698439885%,0.0234304749%,0.018033496%,19.89565344%
家居用品,宠物用品,养狗用品,狗指甲钳,0.267002225%,0.0992608752%,0.0197674776%,0.0634344255%,30.1452361938%
家居用品,宠物用品,养狗用品,狗短裤,0.242590593%,0.0854334896%,0.0293977872%,0.0546087663%,33.3362718234%
家居用品,园艺用品,花园灌溉用品,园林水管和水管车,0.6338604756%,0.283770988%,0.3898863936%,0.1840488306%,24.3627309486%
家居用品,宠物用品,养鸟用品,水杯/水瓶,0.12330591%,0.0378081198%,0.0143179134%,0.0068851646%,11.1427716582%
家居用品,家居日用品,保暖用品,热水袋,0.0294475014%,0.0082072575%,0.00199%,0.0034017347%,3.75080706%
家居用品,手工艺品&缝纫用品（半成品）,服装缝纫用品及面料,标签枪,0.0301062006%,0.0084531615%,0.01135022%,0.0109520064%,48.824902139%
家居用品,厨房吧台用品,烹调工具,咖啡和茶工具,2.571306252%,1.347060981%,0.7285761957%,1.113915176%,69.8724295672%
家居用品,手工艺品&缝纫用品（半成品）,服装缝纫用品及面料,缝纫针,0.434867342%,0.183554364%,0.09242322%,0.1980487824%,50.8385334135%
家居用品,厨房吧台用品,炊具,炊具部件,0.8020897082%,0.342997216%,0.062126805%,0.0796554528%,26.3228012138%
家居用品,手工艺品&缝纫用品（半成品）,服装缝纫用品及面料,粘扣带,0.1220973691%,0.0398506185%,0.03891504%,0.0392446896%,45.612142128%
家居用品,宠物用品,养鸟用品,鸟玩具,0.26649987%,0.1127582544%,0.0457416705%,0.0880425024%,49.1389046694%
家居用品,厨房吧台用品,烘培用具,擀面杖和面板,0.7364911176%,0.3575595125%,0.0591518268%,0.0870301068%,21.528784095%
家居用品,家用储存收藏用具,洗衣收纳用品,"洗衣袋,洗衣篮",0.511346088%,0.205404353%,0.046036638%,0.1372132816%,29.9611071578%
家居用品,家装,龙头，阀门,起泡器,0.364591377%,0.1412391552%,0.0438640416%,0.1251816375%,26.0991274198%
家居用品,宠物用品,养狗用品,狗训练用品,0.7209060075%,0.3195113744%,0.5595716736%,0.2404992132%,57.193660251%
家居用品,宠物用品,养狗用品,狗鞋,0.627073797%,0.2479052704%,0.0978236712%,0.1616198841%,41.646783906%
家居用品,宠物用品,养狗用品,狗梳子,0.6263109335%,0.2824737344%,0.1439477856%,0.2057481801%,47.143154331%
家居用品,园艺用品,花园灌溉用品,园林水枪,0.2557421196%,0.090669856%,0.0136048512%,0.0185996082%,21.065790456%
家居用品,厨房吧台用品,餐具,调羹(婴儿用的请发布到婴儿喂养匙下）,0.8184523942%,0.405658512%,0.1746772651%,0.2957917816%,58.4528028708%
家居用品,家用储存收藏用具,厨房收纳用品,袋夹,0.668574432%,0.246757924%,0.0504781752%,0.1684021536%,26.8644052404%
家居用品,园艺用品,园林工具,修剪工具,0.483421848%,0.16799492%,0.1321257168%,0.0622741824%,17.0906555817%
家居用品,宠物用品,养狗用品,狗喂食/喂水用品,0.631650978%,0.2563004688%,0.0917413704%,0.1472781879%,45.101645316%
家居用品,厨房吧台用品,炊具,蒸格,0.5940640662%,0.257688405%,0.0365028%,0.0477894208%,22.319043474%
家居用品,家用储存收藏用具,厨房收纳用品,保鲜膜 &保鲜袋,0.32485968%,0.1058330665%,0.0164226648%,0.0248518548%,25.780879257%
家居用品,宠物用品,养狗用品,狗背心,0.9314563335%,0.4113647216%,0.157126104%,0.231673554%,73.2367803258%
家居用品,厨房吧台用品,厨房刀具及附件,刀架和卷袋,0.4061413305%,0.1489491%,0.0404873688%,0.0448345268%,16.3733967605%
家居用品,宠物用品,养狗用品,毛发剪,0.3562572545%,0.1441998784%,0.0881933616%,0.0474379182%,33.2043589332%
家居用品,家庭清洁用具及附件,家用日化产品,除臭剂,0.088790097%,0.0233253504%,0.0071662976%,0.010338314%,24.533559303%
家居用品,手工艺品&缝纫用品（半成品）,服装缝纫用品及面料,纤维,0.0585398345%,0.0205291065%,0.01297168%,0.009126672%,24.616076704%
家居用品,家庭装饰品,蜡烛及烛台,蜡烛,0.7096896%,0.2906792256%,0.20780318%,0.1782281116%,44.0672255925%
家居用品,厨房吧台用品,酒吧酒具,酒吧工具,1.0422334062%,0.4067855925%,0.2337562464%,0.379090692%,52.3659597669%
家居用品,家庭装饰品,家居装饰工艺品,纸工艺品,2.28187224%,1.1211627328%,0.280793258%,0.4759548318%,50.3266550688%
家居用品,宠物用品,养狗用品,狗玩具,1.264827683%,0.6088988016%,0.2098393776%,0.5433296445%,78.111275697%
家居用品,手工艺品&缝纫用品（半成品）,服装缝纫用品及面料,其他缝纫用品,0.5720178114%,0.251179656%,0.17187476%,0.2153894592%,66.0878309305%
家居用品,宠物用品,养狗用品,狗帽子,0.175458605%,0.0577787184%,0.0233154864%,0.022064148%,35.5348199934%
家居用品,家庭装饰品,家居装饰工艺品,粘土工艺品,0.48445056%,0.1645109312%,0.050050762%,0.0648136566%,34.8369652422%
家居用品,手工艺品&缝纫用品（半成品）,服装缝纫用品及面料,服装用铆钉,0.2759735055%,0.123174639%,0.081073%,0.1195594032%,95.93029892%
家居用品,家用储存收藏用具,洗衣收纳用品,晾衣架,0.691138008%,0.295247568%,0.165480486%,0.1696155352%,43.1052297326%
家居用品,园艺用品,园林工具,园林工具组合套装,0.443769114%,0.117777864%,0.0059165568%,0.0124608708%,4.9638561102%
家居用品,手工艺品&缝纫用品（半成品）,服装缝纫用品及面料,服装用夹子,0.1739469368%,0.053134158%,0.0729657%,0.041070024%,78.508994635%
家居用品,手工艺品&缝纫用品（半成品）,服装缝纫用品及面料,缝纫机,0.3813452076%,0.198045498%,0.15241724%,0.1350747456%,42.6935080335%
家居用品,家庭装饰品,家居装饰工艺品,编结工艺品,0.56014596%,0.1990720512%,0.082711005%,0.1247171877%,70.7718586905%
家居用品,家庭装饰品,钟,闹钟,2.00270016%,0.8604976032%,0.411947328%,0.3814734336%,41.4699715419%
家居用品,家居日用品,雨具,伞架,0.0942775236%,0.0288986425%,0.0058528288%,0.006192865%,11.426832945%
家居用品,家居日用品,雨具,雨衣,0.989982414%,0.4576901225%,0.13586924%,0.0894957462%,11.11563036%
家居用品,厨房吧台用品,饮具,水罐,0.254803908%,0.058802405%,0.0079111814%,0.0124243392%,10.2825881899%
家居用品,厨房吧台用品,餐具,筷子,0.3688563594%,0.13208328%,0.0488959809%,0.0827768536%,65.7036576924%
家居用品,手工艺品&缝纫用品（半成品）,服装缝纫用品及面料,缝纫线,0.1739469368%,0.070040481%,0.04540088%,0.0465460272%,63.2823221885%
家居用品,手工艺品&缝纫用品（半成品）,服装缝纫用品及面料,夹层及衬里,0.0133805336%,0.0036227835%,0.00162146%,0.0009126672%,15.204047376%
家居用品,园艺用品,园林工具,叉,0.006260958%,0.001378792%,0.0002893968%,0.0%,33.5024932338%
家居用品,手工艺品&缝纫用品（半成品）,服装缝纫用品及面料,线,0.3161151063%,0.14491134%,0.09890906%,0.0657120384%,47.5805232615%
家居用品,手工艺品&缝纫用品（半成品）,服装缝纫用品及面料,纱,0.4081062748%,0.2523872505%,0.17998206%,0.0711880416%,41.6075046495%
家居用品,家庭装饰品,钟,数字和模拟钟,0.34020864%,0.1139900256%,0.01381952%,0.0131223904%,15.5179067956%
家居用品,手工艺品&缝纫用品（半成品）,家居手工缝纫用品,刺绣,0.3672004896%,0.122509072%,0.02621946%,0.030877632%,19.2794277864%
家居用品,厨房吧台用品,餐具,餐具套装,1.9072654442%,0.931458528%,0.4078078407%,0.3937039064%,55.9711427184%
家居用品,手工艺品&缝纫用品（半成品）,服装缝纫用品及面料,拉链,0.2977168726%,0.108683505%,0.0891803%,0.0602360352%,61.6985672535%
家居用品,厨房吧台用品,餐具,餐叉,0.3675162818%,0.1311786%,0.0309759879%,0.0544682908%,58.4685427872%
家居用品,厨房吧台用品,饮具,保温瓶和热水瓶,1.1506408056%,0.4790666525%,0.2281482636%,0.1335616464%,35.7132099779%
家居用品,手工艺品&缝纫用品（半成品）,服装缝纫用品及面料,绳子,0.3897080411%,0.128005017%,0.0567511%,0.0401573568%,42.489882399%
家居用品,手工艺品&缝纫用品（半成品）,服装缝纫用品及面料,纽扣,2.5724075846%,1.4406602385%,1.053949%,1.5351062304%,174.099917498%
家居用品,厨房吧台用品,炊具,西式平底锅,0.5850125688%,0.272077843%,0.04793394%,0.0360249824%,26.2544507862%
家居用品,厨房吧台用品,饮具,酒壶,0.6296338674%,0.2148017265%,0.1469948544%,0.0812019312%,50.6195475838%
家居用品,园艺用品,园林工具,链锯(油锯),0.320257488%,0.139185424%,0.0929606832%,0.0290703366%,48.5566950267%
家居用品,家装,卫浴五金件,置物架,0.9455845455%,0.377661596%,0.1186982096%,0.1314122895%,35.2169156472%
家居用品,园艺用品,园林建筑及装饰,花园暖房,0.1213262544%,0.0333981868%,0.023049664%,0.000683298%,4.3252017318%
家居用品,家庭装饰品,家居装饰工艺品,树脂工艺品,3.3237162%,1.4833632704%,0.668898743%,0.6451904907%,171.721906181%
家居用品,手工艺品&缝纫用品（半成品）,服装缝纫用品及面料,服装用贴补片,3.8167972094%,1.656819654%,0.9647687%,0.835090488%,119.166246324%
家居用品,手工艺品&缝纫用品（半成品）,服装缝纫用品及面料,烫钻,2.3834075475%,1.205179311%,1.6295673%,1.0961133072%,170.027404808%
家居用品,手工艺品&缝纫用品（半成品）,服装缝纫用品及面料,肩垫,0.0200708004%,0.004830378%,0.00162146%,0.0018253344%,32.489601238%
家居用品,手工艺品&缝纫用品（半成品）,服装缝纫用品及面料,拉练头,0.0970088686%,0.033812646%,0.01783606%,0.0237293472%,84.6403887405%
家居用品,收藏品,军用收藏品,徽章（真正历史军队相关产品）,0.045307584%,0.0138754476%,0.013524%,0.003636%,24.1931925976%
家居用品,家装,龙头，阀门,花洒头,0.8960407896%,0.3840804968%,0.370872936%,0.3301708875%,70.8727115134%
家居用品,园艺用品,园林建筑及装饰,其它园林建筑,0.2118372984%,0.0670808556%,0.021273472%,0.0068557566%,13.8096898236%
家居用品,家庭装饰品,家居装饰工艺品,木制工艺品,2.46767004%,1.0458194912%,0.383439736%,0.3882272562%,81.0686448396%
家居用品,手工艺品&缝纫用品（半成品）,服装缝纫用品及面料,徽章,1.0988763219%,0.3876378345%,0.16701038%,0.1222974048%,68.2145875575%
家居用品,家装,龙头，阀门,浴室龙头附件,0.7810795446%,0.3113838728%,0.1596848256%,0.205680225%,66.7656468096%
家居用品,手工艺品&缝纫用品（半成品）,服装缝纫用品及面料,服装用标签,0.3830177743%,0.1123062885%,0.20106104%,0.0374193552%,57.558179352%
家居用品,家装,卫浴五金件,马桶刷,0.187568181%,0.0615485%,0.034363776%,0.0268154355%,54.7388774772%
家居用品,家装,卫浴五金件,衣挂钩,0.787556919%,0.296786867%,0.1106799952%,0.0997667445%,65.8400146908%
家居用品,家庭装饰品,家居装饰工艺品,天然工艺品,0.4404096%,0.1306410336%,0.044536695%,0.0310974615%,59.8519241001%
家居用品,家庭装饰品,钟,"座钟,台钟",0.63868608%,0.2133158112%,0.058670144%,0.0275385376%,30.7519494425%
家居用品,家装,卫浴五金件,卫浴五金套件,0.356207463%,0.099216182%,0.063716168%,0.055740574%,21.9560514852%
家居用品,园艺用品,园林工具,园艺挖掘工具,0.069439716%,0.018940248%,0.002250864%,0.0027607014%,23.2283010285%
家居用品,家用储存收藏用具,衣物收纳,鞋架,0.15060222%,0.042126%,0.011209569%,0.0101546592%,28.5143799784%
家居用品,厨房吧台用品,桌面装饰品及附件,纸巾盒,0.5325631163%,0.174237778%,0.0617867526%,0.0434523672%,46.8636491817%
家居用品,家装,卫浴五金件,扶杆,0.0645303375%,0.01723358%,0.0098795856%,0.006884294%,31.6361305764%
家居用品,厨房吧台用品,桌面装饰品及附件,餐具垫,1.7878066359%,0.797674306%,0.272230838%,0.3380446872%,85.3775595738%
家居用品,手工艺品&缝纫用品（半成品）,服装缝纫用品及面料,真皮,0.1639115366%,0.0519265635%,0.02594336%,0.0073013376%,30.1592189765%
家居用品,家庭装饰品,家居装饰工艺品,雕像及雕塑,0.01926792%,0.0041473344%,0.0%,0.0%,37.1811903309%
家居用品,家庭装饰品,家居装饰工艺品,石头工艺品,0.28351368%,0.0684310176%,0.019511314%,0.0104749344%,36.4096732131%
家居用品,手工艺品&缝纫用品（半成品）,服装缝纫用品及面料,流苏,0.1404956028%,0.0446809965%,0.03080774%,0.0146026752%,87.423272412%
家居用品,手工艺品&缝纫用品（半成品）,服装缝纫用品及面料,吊钟 / 卡扣,0.1103894022%,0.0301898625%,0.02270044%,0.0127773408%,91.314784538%
家居用品,家装,卫浴五金件,纸巾架,0.555247704%,0.190677253%,0.0890594528%,0.0412502455%,48.154172514%
家居用品,园艺用品,园林建筑及装饰,"栅栏,格架和门",0.1109623944%,0.0423309216%,0.00888096%,0.0020612823%,18.272472525%
家居用品,手工艺品&缝纫用品（半成品）,服装缝纫用品及面料,织带,0.3144425396%,0.1123062885%,0.06972278%,0.031943352%,106.722457549%
家居用品,手工艺品&缝纫用品（半成品）,服装缝纫用品及面料,扣环、挂钩,1.2744958254%,0.45888591%,0.35996412%,0.164280096%,111.29272179%
家居用品,家庭装饰品,家居装饰工艺品,小摆件及微型模型,0.23947272%,0.0566802368%,0.0%,0.0%,28.1010273291%
家居用品,家装,龙头，阀门,龙头阀芯,0.1359827298%,0.044137236%,0.017249904%,0.00690975%,42.3770131566%
家居用品,家装,卫浴五金件,浴室镜,0.2572609455%,0.071765551%,0.016823932%,0.002775925%,10.0881056808%
家居用品,家装,龙头，阀门,水嘴,0.1326981228%,0.0432718%,0.0182356128%,0.0150862875%,76.8594396972%
家居用品,园艺用品,园林工具,园林劳动手套,0.021628764%,0.00507976%,0.0015434496%,0.0006939468%,25.8657915258%
家居用品,家装,龙头，阀门,其它龙头附件,0.1356542691%,0.0410216664%,0.016017768%,0.0178501875%,68.4949372112%
家居用品,园艺用品,园林工具,清洁工具,0.09296574%,0.0217704%,0.0029904336%,0.004148595%,30.2568950079%
家居用品,家庭装饰品,家居装饰工艺品,玻璃工艺品,0.6262074%,0.1838651584%,0.054292352%,0.026187336%,60.9201785709%
家居用品,园艺用品,遮阳用品,遮阳用品附件,0.139920144%,0.0385654144%,0.0063833408%,0.004225503%,20.9816762652%
家居用品,家庭装饰品,家居装饰工艺品,竹工艺品,0.13625172%,0.0442382336%,0.025025381%,0.013093668%,137.44874191%
家居用品,家庭装饰品,家居装饰工艺品,塑料工艺品,2.31765552%,0.7029731808%,0.305818639%,0.2121174216%,116.321042376%
家居用品,家装,龙头，阀门,妇洗器龙头,0.190507206%,0.05192616%,0.027106992%,0.00690975%,29.6892846666%
家居用品,园艺用品,园林工具,割草机,0.21344175%,0.072422864%,0.02331252%,0.0069243822%,44.7666282531%
家居用品,家装,龙头，阀门,厨房龙头,1.0353081264%,0.4739127536%,0.4898972736%,0.0915541875%,76.220354114%
家居用品,家庭装饰品,家居装饰工艺品,皮革工艺品,0.1513908%,0.0331786752%,0.003393272%,0.0019640502%,35.6381560953%
家居用品,园艺用品,园林建筑及装饰,花园装饰品,1.005985344%,0.4296816128%,0.126824192%,0.1035879768%,97.0117811892%
家居用品,园艺用品,遮阳用品,遮阳棚,0.152911122%,0.0589446704%,0.0134226384%,0.001408008%,36.2221258617%
