家具和室内装饰品,儿童家具,儿童床,-,1.881673%,1.315867%,0.162176%,0.0%,33.93%
家具和室内装饰品,儿童家具,儿童柜,-,1.18322%,0.714565%,0.053536%,0.0%,42.84%
家具和室内装饰品,儿童家具,儿童椅,-,2.264012%,1.410154%,0.505792%,0.353404%,37.1%
家具和室内装饰品,儿童家具,儿童家具套装,-,3.533766%,2.285422%,1.162336%,0.0%,228.73%
家具和室内装饰品,儿童家具,儿童桌,-,1.201763%,0.684915%,0.0%,0.0%,20.07%
家具和室内装饰品,儿童家具,其它儿童家具,-,2.284321%,1.324169%,0.356384%,1.413404%,89.46%
家具和室内装饰品,商用家具,酒吧家具,吧椅,5.4192869224%,3.88572166%,2.4481357692%,0.354%,203.51%
家具和室内装饰品,商用家具,酒吧家具,酒吧家具套装,1.4507575212%,0.73397646%,0.4038397308%,0.0%,12.36%
家具和室内装饰品,商用家具,酒吧家具,酒吧凳,2.5212446688%,1.4225776%,1.2145612996%,0.0%,11.78%
家具和室内装饰品,商用家具,酒吧家具,酒吧桌,1.6400245108%,0.94981582%,3.4854943244%,0.0%,11.5%
家具和室内装饰品,商用家具,酒吧家具,其它酒吧家具,0.720603676%,0.3464467%,0.053236876%,0.0%,7.55%
家具和室内装饰品,商用家具,酒店家具,酒店卧室家具套装,0.1298681388%,0.06028047%,0.0%,0.0%,18.49%
家具和室内装饰品,商用家具,酒店家具,酒店床,0.0598935252%,0.02502009%,0.0%,0.0%,5.01%
家具和室内装饰品,商用家具,酒店家具,酒店椅,0.9590870768%,0.54885843%,0.0%,0.0%,128.61%
家具和室内装饰品,商用家具,酒店家具,酒店沙发,0.3724072656%,0.16870086%,0.0%,0.0%,91.04%
家具和室内装饰品,商用家具,酒店家具,酒店推车,0.12848446%,0.06080832%,0.0%,0.0%,135.51%
家具和室内装饰品,商用家具,酒店家具,行李架,0.2083424936%,0.09796896%,0.0%,0.0%,43.21%
家具和室内装饰品,商用家具,酒店家具,其它酒店家具,0.3852557116%,0.17999685%,0.0%,0.0%,99.69%
家具和室内装饰品,商用家具,实验室家具,-,0.750066%,0.38295%,0.05444%,0.0%,11.3%
家具和室内装饰品,商用家具,图书馆家具,-,0.286938%,0.1288%,0.0%,0.0%,10.06%
家具和室内装饰品,商用家具,其它商用家具,-,3.83423%,2.0999%,1.597814%,0.0%,86.4%
家具和室内装饰品,商用家具,饭店家具，餐馆家具,其它饭店家具,0.1342754058%,0.05512364%,0.0%,0.0%,33.01%
家具和室内装饰品,商用家具,饭店家具，餐馆家具,饭店椅,0.7497978556%,0.38139244%,0.0%,0.0%,76.83%
家具和室内装饰品,商用家具,饭店家具，餐馆家具,饭店家具套装,0.0114701368%,0.00420992%,0.0%,0.0%,77.56%
家具和室内装饰品,商用家具,饭店家具，餐馆家具,饭店桌,0.4869821124%,0.2552264%,0.0%,0.0%,156.49%
家具和室内装饰品,商用家具,沙龙家具,理发椅,1.163588125%,0.78604938%,1.3456024626%,0.354%,136.01%
家具和室内装饰品,商用家具,沙龙家具,按摩桌，按摩床,1.1177892964%,0.73956132%,1.1503072647%,0.354%,109.75%
家具和室内装饰品,商用家具,沙龙家具,指甲桌,0.599480602%,0.2961549%,0.0394830183%,0.0%,57.82%
家具和室内装饰品,商用家具,沙龙家具,其它沙龙家具,0.8995932512%,0.48989448%,0.0%,0.0%,135.42%
家具和室内装饰品,商用家具,沙龙家具,沙龙推车,0.4241045998%,0.23645196%,0.0437228055%,0.0%,52.42%
家具和室内装饰品,商用家具,沙龙家具,洗发椅,0.4870314456%,0.22606884%,0.0710164356%,0.0%,21.91%
家具和室内装饰品,商用家具,学校家具,宿舍床,0.0157107784%,0.0061364%,0.0%,0.0%,18.57%
家具和室内装饰品,商用家具,学校家具,其它学校家具,0.4056558288%,0.2874586%,1.5705810705%,0.0%,296.65%
家具和室内装饰品,商用家具,学校家具,学校椅子,0.93117254%,0.505724%,0.0491989251%,0.0%,78.63%
家具和室内装饰品,商用家具,学校家具,学校桌,0.24713584%,0.1144756%,0.0%,0.0%,14.17%
家具和室内装饰品,商用家具,学校家具,学校桌椅套装,0.4656745328%,0.2361456%,0.0256690044%,0.0%,20.05%
家具和室内装饰品,商用家具,影剧院礼堂家具,-,0.114104%,0.05175%,0.057162%,0.0%,30.15%
家具和室内装饰品,商用家具,等待坐椅,-,0.464806%,0.2093%,0.0%,0.0%,25.68%
家具和室内装饰品,家具附件,-,-,8.12%,4.84%,3.93%,11.31%,53.4%
家具和室内装饰品,家具部件,（坐具类）机械伸展装置,-,1.1925%,0.595548%,0.235467%,0.0%,37.72%
家具和室内装饰品,家具部件,家具构架,-,0.912024%,0.549414%,0.38637%,0.352625%,86.69%
家具和室内装饰品,家具部件,家具腿脚,-,4.360734%,3.783687%,3.782781%,10.950875%,147.07%
家具和室内装饰品,家具部件,其它家具部件,-,2.181798%,1.255404%,0.770553%,2.47325%,114.05%
家具和室内装饰品,家具部件,转盘,-,2.627316%,1.556673%,2.114829%,2.47325%,43.24%
家具和室内装饰品,家用，民用家具,浴室家具,其它浴室家具,2.587244%,1.679319%,0.893809%,1.41363%,100.0%
家具和室内装饰品,家用，民用家具,卧室家具,卧室套装,3.14742307%,2.184143472%,0.017638061%,0.0%,93.38%
家具和室内装饰品,家用，民用家具,卧室家具,床,7.04071599%,5.7372768702%,0.6679255205%,0.0%,119.67%
家具和室内装饰品,家用，民用家具,卧室家具,梳妆台,1.79747249%,1.111573017%,0.6484308215%,0.0%,51.95%
家具和室内装饰品,家用，民用家具,卧室家具,床垫,2.90224605%,1.9449277584%,1.053642065%,0.353364549%,49.37%
家具和室内装饰品,家用，民用家具,卧室家具,床头柜,1.329273%,0.7644502152%,0.0292420485%,0.0%,105.02%
家具和室内装饰品,家用，民用家具,卧室家具,其它卧室家具,2.33952048%,1.2454818132%,0.0125323065%,0.0%,16.4%
家具和室内装饰品,家用，民用家具,卧室家具,"衣柜,衣橱",5.54897629%,4.5724003518%,2.2117200175%,1.766328183%,154.59%
家具和室内装饰品,家用，民用家具,餐厅家具,餐椅,5.859501593%,4.432181754%,3.9372862767%,0.3534075%,139.5%
家具和室内装饰品,家用，民用家具,餐厅家具,餐厅套装,2.71039274%,1.7958970224%,0.0130002621%,0.0%,46.17%
家具和室内装饰品,家用，民用家具,餐厅家具,餐桌,4.6616458185%,3.2304893184%,0.5132862105%,0.0%,63.02%
家具和室内装饰品,家用，民用家具,餐厅家具,其它餐厅家具,2.285458285%,1.1627282004%,0.0035862792%,0.0%,168.37%
家具和室内装饰品,家用，民用家具,餐厅家具,餐具柜,1.24034922%,0.6278555172%,0.0161382564%,0.0%,44.65%
家具和室内装饰品,家用，民用家具,厨房家具,-,2.18999%,1.467513%,0.227766%,0.706815%,72.91%
家具和室内装饰品,家用，民用家具,客厅家具,书柜，书架,4.380565695%,2.768970096%,1.0508129352%,0.706815%,35.64%
家具和室内装饰品,家用，民用家具,客厅家具,CD架,0.7661695294%,0.365350221%,0.0%,0.0%,94.23%
家具和室内装饰品,家用，民用家具,客厅家具,躺椅,4.0919637198%,2.660005995%,1.0602797184%,0.3534075%,38.8%
家具和室内装饰品,家用，民用家具,客厅家具,衣帽架,4.1263210978%,2.7657652695%,1.0105791066%,1.0602225%,76.57%
家具和室内装饰品,家用，民用家具,客厅家具,茶几，小边桌,8.2663851468%,5.83278423%,2.0897923914%,0.3534075%,90.94%
家具和室内装饰品,家用，民用家具,客厅家具,角桌,0.7489908404%,0.4262419245%,0.0260336538%,0.0%,47.28%
家具和室内装饰品,家用，民用家具,客厅家具,客厅柜子,1.4052167602%,0.89735142%,0.0%,0.0%,73.38%
家具和室内装饰品,家用，民用家具,客厅家具,客厅椅,8.8607677862%,6.3936288675%,4.14171765%,0.706815%,69.59%
家具和室内装饰品,家用，民用家具,客厅家具,客厅套装,1.6113610282%,0.8556886755%,0.0213002622%,0.0%,49.25%
家具和室内装饰品,家用，民用家具,客厅家具,客厅沙发,13.7292082488%,12.7327756845%,7.0314532218%,1.41363%,88.06%
家具和室内装饰品,家用，民用家具,客厅家具,其它客厅家具,1.88965579%,1.02554448%,0.0023666958%,0.0%,26.08%
家具和室内装饰品,家用，民用家具,客厅家具,鞋架，鞋柜,6.768403466%,5.8423987095%,5.4055332072%,8.48178%,348.48%
家具和室内装饰品,家用，民用家具,客厅家具,凳子，脚凳,5.5384093336%,3.7656711375%,0.994012236%,1.0602225%,61.13%
家具和室内装饰品,家用，民用家具,客厅家具,电视柜,1.2334298702%,0.7787728395%,0.8378103132%,0.0%,77.39%
家具和室内装饰品,家用，民用家具,其它家用家具,-,6.666737%,4.059615%,0.597023%,1.41363%,44.91%
家具和室内装饰品,其它家具,-,-,8.63%,4.83%,1.22%,3.18%,328.12%
家具和室内装饰品,户外家具,沙滩椅，户外椅,-,7.125132%,5.291035%,2.582374%,1.767444%,19.15%
家具和室内装饰品,户外家具,花园椅,-,3.492648%,2.263476%,0.286517%,0.0%,66.04%
家具和室内装饰品,户外家具,花园套装，户外套装,-,5.043852%,3.833203%,1.402817%,1.059576%,47.58%
家具和室内装饰品,户外家具,花园沙发，户外沙发,-,11.3007%,8.430489%,9.845766%,4.594464%,44.67%
家具和室内装饰品,户外家具,吊床,-,13.850268%,12.618559%,20.376196%,34.979364%,34.68%
家具和室内装饰品,户外家具,其它户外家具,-,3.538176%,2.151581%,0.290238%,0.351708%,31.69%
家具和室内装饰品,户外家具,户外桌，花园桌，野餐桌,-,5.99994%,4.661226%,1.034438%,1.059576%,22.55%
家具和室内装饰品,户外家具,户外长椅,-,0.621132%,0.310109%,0.003721%,0.0%,48.49%
家具和室内装饰品,户外家具,户外秋千,-,3.75606%,2.829345%,0.323727%,0.351708%,10.36%
家具和室内装饰品,户外家具,户外伞，基座,-,3.629232%,2.688677%,0.513498%,0.351708%,"1,145.7%"
家具和室内装饰品,户外家具,户外躺椅,-,2.985336%,1.892624%,0.55815%,0.351708%,22.52%
家居用品,手工艺品&缝纫用品（半成品）,服装缝纫用品及面料,粘扣带,0.124400068%,0.0409974448%,0.038082528%,0.0387893841%,20.55%
家居用品,手工艺品&缝纫用品（半成品）,服装缝纫用品及面料,徽章,1.099427628%,0.3894757256%,0.161850744%,0.1226827032%,30.8%
家居用品,手工艺品&缝纫用品（半成品）,服装缝纫用品及面料,扣环、挂钩,1.254087172%,0.4533835072%,0.353850156%,0.162374166%,49.59%
家居用品,手工艺品&缝纫用品（半成品）,服装缝纫用品及面料,纽扣,2.508174344%,1.3854724728%,1.044095976%,1.5317296326%,78.17%
家居用品,手工艺品&缝纫用品（半成品）,服装缝纫用品及面料,绳子,0.393373188%,0.1290213704%,0.057123792%,0.0396914628%,18.93%
家居用品,手工艺品&缝纫用品（半成品）,服装缝纫用品及面料,DIY手工辅料,0.334535318%,0.0928471544%,0.07140474%,0.0378873054%,44.73%
家居用品,手工艺品&缝纫用品（半成品）,服装缝纫用品及面料,羽绒,0.013448656%,0.0036174216%,0.001586772%,0.0009020787%,37.27%
家居用品,手工艺品&缝纫用品（半成品）,服装缝纫用品及面料,刺绣机械,0.031940558%,0.0132638792%,0.006347088%,0.0%,11.98%
家居用品,手工艺品&缝纫用品（半成品）,服装缝纫用品及面料,面料,4.016104898%,2.7359765368%,2.62610766%,1.217806245%,120.26%
家居用品,手工艺品&缝纫用品（半成品）,服装缝纫用品及面料,羽毛,0.509367846%,0.247190476%,0.644229432%,0.2949797349%,160.14%
家居用品,手工艺品&缝纫用品（半成品）,服装缝纫用品及面料,纤维,0.05883787%,0.0204987224%,0.012694176%,0.009020787%,10.71%
家居用品,手工艺品&缝纫用品（半成品）,服装缝纫用品及面料,皮毛,0.070605444%,0.0229103368%,0.034908984%,0.0027062361%,32.59%
家居用品,手工艺品&缝纫用品（半成品）,服装缝纫用品及面料,服装用散珠,0.282421776%,0.0892297328%,0.050776704%,0.036083148%,72.98%
家居用品,手工艺品&缝纫用品（半成品）,服装缝纫用品及面料,服装用夹子,0.174832528%,0.0530555168%,0.068231196%,0.0423976989%,34.58%
家居用品,手工艺品&缝纫用品（半成品）,服装缝纫用品及面料,服装用气眼,0.10927033%,0.0409974448%,0.022214808%,0.0306706758%,13.18%
家居用品,手工艺品&缝纫用品（半成品）,服装缝纫用品及面料,裙裤钩,0.020172984%,0.0048232288%,0.003173544%,0.0018041574%,23.69%
家居用品,手工艺品&缝纫用品（半成品）,服装缝纫用品及面料,服装用标签,0.368156958%,0.1097284552%,0.204693588%,0.0369852267%,26.58%
家居用品,手工艺品&缝纫用品（半成品）,服装缝纫用品及面料,服装用铆钉,0.272335284%,0.1217865272%,0.080925372%,0.1208785458%,43.46%
家居用品,手工艺品&缝纫用品（半成品）,服装缝纫用品及面料,服装用挂牌,0.270654202%,0.0747600464%,0.053950248%,0.0162374166%,29.55%
家居用品,手工艺品&缝纫用品（半成品）,服装缝纫用品及面料,真皮,0.149616298%,0.0494380952%,0.02380158%,0.0072166296%,14.58%
家居用品,手工艺品&缝纫用品（半成品）,服装缝纫用品及面料,夹层及衬里,0.013448656%,0.0036174216%,0.001586772%,0.0009020787%,6.46%
家居用品,手工艺品&缝纫用品（半成品）,服装缝纫用品及面料,花边,3.027628682%,2.5273718912%,4.74444828%,1.1672898378%,284.35%
家居用品,手工艺品&缝纫用品（半成品）,服装缝纫用品及面料,服装人体模特儿,0.497600272%,0.2013698024%,0.236429028%,0.0784808469%,40.67%
家居用品,手工艺品&缝纫用品（半成品）,服装缝纫用品及面料,其他缝纫用品,0.57156788%,0.2544253192%,0.169784604%,0.2146947306%,29.36%
家居用品,手工艺品&缝纫用品（半成品）,服装缝纫用品及面料,其它纺织和皮革原材料,0.028578394%,0.0072348432%,0.006347088%,0.0018041574%,41.69%
家居用品,手工艺品&缝纫用品（半成品）,服装缝纫用品及面料,包缝机,0.006724328%,0.0012058072%,0.0%,0.0%,4.67%
家居用品,手工艺品&缝纫用品（半成品）,服装缝纫用品及面料,服装用贴补片,3.901791322%,1.6893358872%,0.948889656%,0.8506602141%,51.37%
家居用品,手工艺品&缝纫用品（半成品）,服装缝纫用品及面料,别针、大头针,0.00840541%,0.0024116144%,0.0%,0.0%,23.37%
家居用品,手工艺品&缝纫用品（半成品）,服装缝纫用品及面料,烫钻,2.372006702%,1.1853084776%,1.57883814%,1.0788861252%,76.03%
家居用品,手工艺品&缝纫用品（半成品）,服装缝纫用品及面料,缎带 / 丝带,2.047557876%,1.11537166%,1.601052948%,1.1925480414%,228.97%
家居用品,手工艺品&缝纫用品（半成品）,服装缝纫用品及面料,散装亮片,0.163064954%,0.0627019744%,0.034908984%,0.0333769119%,95.94%
家居用品,手工艺品&缝纫用品（半成品）,服装缝纫用品及面料,缝纫机,0.391692106%,0.2037814168%,0.1586772%,0.1344097263%,17.86%
家居用品,手工艺品&缝纫用品（半成品）,服装缝纫用品及面料,缝纫针,0.430356992%,0.1844885016%,0.092032776%,0.1930448418%,23.61%
家居用品,手工艺品&缝纫用品（半成品）,服装缝纫用品及面料,缝纫线,0.178194692%,0.0711426248%,0.044429616%,0.045103935%,27.16%
家居用品,手工艺品&缝纫用品（半成品）,服装缝纫用品及面料,肩垫,0.021854066%,0.0048232288%,0.001586772%,0.0018041574%,14.7%
家居用品,手工艺品&缝纫用品（半成品）,服装缝纫用品及面料,吊钟 / 卡扣,0.115994658%,0.0313509872%,0.02380158%,0.0126291018%,38.66%
家居用品,手工艺品&缝纫用品（半成品）,服装缝纫用品及面料,合成皮革,0.290827186%,0.1012878048%,0.09520632%,0.0153353379%,39.86%
家居用品,手工艺品&缝纫用品（半成品）,服装缝纫用品及面料,标签枪,0.030259476%,0.0084406504%,0.00793386%,0.0108249444%,21.61%
家居用品,手工艺品&缝纫用品（半成品）,服装缝纫用品及面料,裁缝剪,0.242075808%,0.0988761904%,0.082512144%,0.1001307357%,14.01%
家居用品,手工艺品&缝纫用品（半成品）,服装缝纫用品及面料,流苏,0.13448656%,0.0434090592%,0.028561896%,0.0144332592%,40.32%
家居用品,手工艺品&缝纫用品（半成品）,服装缝纫用品及面料,线,0.314362334%,0.1459026712%,0.096793092%,0.0649496664%,21.15%
家居用品,手工艺品&缝纫用品（半成品）,服装缝纫用品及面料,排须,0.06724328%,0.0192929152%,0.012694176%,0.0045103935%,35.66%
家居用品,手工艺品&缝纫用品（半成品）,服装缝纫用品及面料,织带,0.312681252%,0.1121400696%,0.07140474%,0.0315727545%,47.24%
家居用品,手工艺品&缝纫用品（半成品）,服装缝纫用品及面料,纱,0.393373188%,0.247190476%,0.171371376%,0.0667538238%,18.62%
家居用品,手工艺品&缝纫用品（半成品）,服装缝纫用品及面料,拉练头,0.09245951%,0.0325567944%,0.017454492%,0.0216498888%,38.33%
家居用品,手工艺品&缝纫用品（半成品）,服装缝纫用品及面料,拉链,0.297551514%,0.108522648%,0.085685688%,0.0595371942%,26.82%
家居用品,手工艺品&缝纫用品（半成品）,家居手工缝纫用品,十字绣,1.6173727232%,0.913652069%,0.422323902%,0.314284833%,77.55%
家居用品,手工艺品&缝纫用品（半成品）,家居手工缝纫用品,贴钻绣,3.4880611584%,2.5175704619%,2.35080549%,1.629163341%,187.61%
家居用品,手工艺品&缝纫用品（半成品）,家居手工缝纫用品,刺绣,0.3835007488%,0.1276489972%,0.02677455%,0.030837969%,12.44%
家居用品,手工艺品&缝纫用品（半成品）,家居手工缝纫用品,段段绣,0.0%,0.0%,0.0%,0.0%,0.0%
家居用品,手工艺品&缝纫用品（半成品）,家居手工缝纫用品,缝纫工具及附件,2.6800161024%,1.4058875856%,0.770393052%,1.311597873%,12.07%
家居用品,手工艺品&缝纫用品（半成品）,剪贴簿及印章,剪贴簿护角,0.0019160284%,0.0003715075%,0.0%,0.0%,40.6%
家居用品,手工艺品&缝纫用品（半成品）,剪贴簿及印章,印章,1.0075284076%,0.5304596375%,0.36234%,0.514158%,100.11%
家居用品,浴室用品,脸盆,-,0.089816%,0.02288%,0.004902%,0.002652%,161.19%
家居用品,浴室用品,"浴球,浴刷,浴棉（婴儿的请发布到婴儿浴盆下）",-,0.44254%,0.167648%,0.064887%,0.131172%,34.84%
家居用品,浴室用品,浴室防滑垫,-,0.581624%,0.256048%,0.108102%,0.122196%,32.72%
家居用品,浴室用品,浴枕,-,0.063656%,0.0156%,0.012384%,0.009588%,36.75%
家居用品,浴室用品,浴室套装,-,1.790652%,0.79664%,0.476139%,1.204008%,42.62%
家居用品,浴室用品,家用秤,-,0.872872%,0.407264%,0.303666%,0.288456%,11.48%
家居用品,浴室用品,浴帽（婴儿的请发布到婴儿洗头帽下）,-,0.387604%,0.108784%,0.03741%,0.089352%,28.7%
家居用品,浴室用品,浴帘杆,-,0.07848%,0.021008%,0.005031%,0.00204%,284.18%
家居用品,浴室用品,浴帘,-,0.956584%,0.4524%,0.20253%,0.102408%,404.5%
家居用品,浴室用品,马桶吸盘,-,0.066272%,0.018304%,0.004644%,0.009588%,22.3%
家居用品,浴室用品,马桶盖套,-,0.26596%,0.110864%,0.049665%,0.080376%,42.04%
家居用品,浴室用品,浴盆(婴儿的请发布到婴儿浴盆下),-,0.123388%,0.03952%,0.02064%,0.003468%,10.36%
家居用品,收藏品,纪念币,-,0.29108%,0.065196%,0.012273%,0.006364%,130.64%
家居用品,收藏品,军用收藏品,徽章（真正历史军队相关产品）,0.04494051%,0.013874256%,0.0112035423%,0.003636%,102.45%
家居用品,收藏品,军用收藏品,奖牌和奖状（军用且有历史文化背景）,0.0098990912%,0.0023158872%,0.0001694577%,0.0%,87.71%
家居用品,收藏品,邮票（真正发行的邮票）,-,0.441864%,0.102024%,0.006357%,0.01%,73.11%
家居用品,节庆派对用品,圣诞装饰,-,1.361956%,0.538768%,0.139874%,0.174181%,103.12%
家居用品,节庆派对用品,"装饰花, 花环",-,4.481109%,3.070736%,3.115252%,3.013227%,84.61%
家居用品,节庆派对用品,庆典派对用品,-,11.544117%,7.96072%,9.588838%,6.669985%,118.6%
家居用品,节庆派对用品,其它节日用品,-,1.873545%,0.496488%,0.205058%,0.119945%,61.67%
家居用品,节庆派对用品,派对面具,-,2.316694%,1.041296%,0.52962%,0.495425%,66.26%
家居用品,园艺用品,肥料,生物肥,0.01672884%,0.003724314%,0.0004517408%,0.003516912%,46.38%
家居用品,园艺用品,肥料,复合肥,0.05268636%,0.0140843692%,0.0035535192%,0.010547712%,70.35%
家居用品,园艺用品,肥料,氮肥,0.02252088%,0.004982758%,0.000288904%,0.000704592%,55.5%
家居用品,园艺用品,肥料,有机肥,0.04182768%,0.0105403188%,0.0109231976%,0.003516912%,114.4%
家居用品,园艺用品,肥料,磷肥,0.00171864%,0.0003639284%,0.0%,0.0%,75.36%
家居用品,园艺用品,肥料,观赏花卉用肥,0.06870096%,0.0186691868%,0.0110282536%,0.012658464%,146.8%
家居用品,园艺用品,肥料,钾肥,0.00415152%,0.000748264%,1.83848e-05%,0.0%,10.39%
家居用品,园艺用品,园林建筑及装饰,"拱门,棚架,凉亭与桥",0.079505452%,0.02307405%,0.000214333%,0.0%,470.86%
家居用品,园艺用品,园林建筑及装饰,休闲屋,0.009102592%,0.002029125%,0.0014788977%,0.0%,72.45%
家居用品,园艺用品,园林建筑及装饰,"栅栏,格架和门",0.109088876%,0.04139415%,0.0119383481%,0.00274104%,22.54%
家居用品,园艺用品,园林建筑及装饰,车棚,0.037405964%,0.009681825%,0.0236409299%,0.0%,40.12%
家居用品,园艺用品,园林建筑及装饰,花园暖房,0.119898204%,0.0329298%,0.0234908968%,0.000688176%,5.35%
家居用品,园艺用品,园林建筑及装饰,花园装饰品,1.042673468%,0.4399143%,0.1312575292%,0.105664176%,110.98%
家居用品,园艺用品,园林建筑及装饰,其它园林建筑,0.20694174%,0.065221875%,0.0222048988%,0.007546608%,17.87%
家居用品,园艺用品,园林建筑及装饰,儿童游戏房,0.010524872%,0.002319%,0.0%,0.0%,10.71%
家居用品,园艺用品,园林建筑及装饰,工具房和储物间,0.005262436%,0.00127545%,0.0001071665%,0.0%,5.1%
家居用品,园艺用品,园林建筑及装饰,度假屋,0.00213342%,0.00034785%,0.0%,0.0%,8.68%
家居用品,园艺用品,花盆与种植,吊篮垫,0.057654792%,0.019043628%,0.0012356274%,0.001257552%,10.28%
家居用品,园艺用品,花盆与种植,盆栽,6.407073552%,4.0886669316%,1.6938392275%,12.297601008%,115.66%
家居用品,园艺用品,花盆与种植,花盆,1.195967352%,0.6113004588%,0.2483611074%,0.164739312%,25.31%
家居用品,园艺用品,花盆与种植,成长袋,0.21805338%,0.0704614236%,0.0175047215%,0.01257552%,10.83%
家居用品,园艺用品,花盆与种植,吊篮,0.209183412%,0.0690331515%,0.0028831306%,0.002515104%,148.26%
家居用品,园艺用品,花盆与种植,育苗盆,0.344450424%,0.1323532146%,0.0704307618%,0.045271872%,11.25%
家居用品,园艺用品,花盆与种植,育苗托盘和盖子,0.19957428%,0.0685570608%,0.0098850192%,0.032696352%,7.29%
家居用品,园艺用品,花盆与种植,种子,0.317101356%,0.0790310562%,0.0129740877%,0.032696352%,271.19%
家居用品,园艺用品,花盆与种植,花盆托盘,0.21066174%,0.0628439724%,0.0022653169%,0.002515104%,91.87%
家居用品,园艺用品,园林工具,链锯(油锯),0.32739968%,0.1406711584%,0.090190576%,0.030399984%,67.15%
家居用品,园艺用品,园林工具,清洁工具,0.08790608%,0.0210899136%,0.002774604%,0.004144752%,43.71%
家居用品,园艺用品,园林工具,园林工具组合套装,0.38318976%,0.1044452864%,0.006920564%,0.012434256%,8.22%
家居用品,园艺用品,园林工具,园艺挖掘工具,0.06625072%,0.0180053344%,0.002264332%,0.002758032%,33.66%
家居用品,园艺用品,园林工具,叉,0.00587264%,0.0012912192%,0.000223244%,0.0%,46.26%
家居用品,园艺用品,园林工具,园林鼓风机和吸尘器,0.1211232%,0.0302719168%,0.006187048%,0.00138672%,318.11%
家居用品,园艺用品,园林工具,中耕工具,0.10882736%,0.0236006176%,0.003476228%,0.004838112%,3.84%
家居用品,园艺用品,园林工具,园林粉碎机,0.00348688%,0.0006456096%,0.0%,0.0%,31.24%
家居用品,园艺用品,园林工具,园林劳动手套,0.02128832%,0.0050931424%,0.001562708%,0.00069336%,37.3%
家居用品,园艺用品,园林工具,割灌机(打草机),0.29822%,0.138447392%,0.023153592%,0.008982864%,185.94%
家居用品,园艺用品,园林工具,绿篱机,0.03688752%,0.008608128%,0.002136764%,0.0%,10.45%
家居用品,园艺用品,园林工具,锄头,0.01046064%,0.0025824384%,0.000255136%,0.0%,66.46%
家居用品,园艺用品,园林工具,割草机,0.22316032%,0.0765406048%,0.024811976%,0.007596144%,62.02%
家居用品,园艺用品,园林工具,镐,0.01871904%,0.0033715168%,0.00334866%,0.0%,11.11%
家居用品,园艺用品,园林工具,修剪工具,0.45953408%,0.1578874144%,0.129130708%,0.061493328%,24.99%
家居用品,园艺用品,园林工具,耙,0.07010464%,0.0152794272%,0.000287028%,0.0%,113.22%
家居用品,园艺用品,园林工具,镰刀,0.11249776%,0.0385931072%,0.001403248%,0.00069336%,307.39%
家居用品,园艺用品,园林工具,锹、铲,0.21765472%,0.0743168384%,0.020793584%,0.018659088%,282.79%
家居用品,园艺用品,园林工具,镘,0.00513856%,0.0010042816%,0.0%,0.0%,77.03%
家居用品,园艺用品,温室,-,0.1984%,0.075754%,0.058156%,0.02016%,18.81%
家居用品,园艺用品,家用温度计（婴儿用的请发布到婴儿体温计或水温计下）,-,0.78244%,0.306881%,0.215271%,0.3096%,26.6%
家居用品,园艺用品,邮箱,-,0.09424%,0.031693%,0.008911%,0.00144%,214.36%
家居用品,园艺用品,户外取暖用品,户外暖炉,0.087323652%,0.0156090344%,5.65145e-05%,0.0%,10.21%
家居用品,园艺用品,户外取暖用品,火盆,0.044525052%,0.0118064928%,0.0001883035%,0.0%,200.24%
家居用品,园艺用品,户外取暖用品,庭院取暖器,0.062123256%,0.0156389495%,0.0021004165%,0.00072%,154.25%
家居用品,园艺用品,虫害防治,-,1.01928%,0.524867%,0.44086%,0.48816%,21.49%
家居用品,园艺用品,遮阳用品,遮阳篷,0.229748688%,0.0722734902%,0.0203989205%,0.00137808%,85.9%
家居用品,园艺用品,遮阳用品,遮阳棚,0.148283168%,0.0556236886%,0.014298403%,0.00137808%,72.68%
家居用品,园艺用品,遮阳用品,遮阳用品附件,0.130079472%,0.0348310708%,0.0059190145%,0.004132656%,33.56%
家居用品,园艺用品,遮阳用品,遮阳布,0.26456392%,0.097287461%,0.060218662%,0.008952768%,160.26%
家居用品,园艺用品,花园灌溉用品,园林水管和水管车,0.666162596%,0.2942518806%,0.4028629332%,0.187031376%,63.79%
家居用品,园艺用品,花园灌溉用品,园林洒水装置,0.59611016%,0.2792880693%,0.1414186956%,0.101755728%,200.5%
家居用品,园艺用品,花园灌溉用品,园林水连接件,0.439109172%,0.2110225068%,0.0993786612%,0.114799536%,142.53%
家居用品,园艺用品,花园灌溉用品,园林水枪,0.24869564%,0.0877075947%,0.0160448652%,0.021318912%,61.08%
家居用品,园艺用品,花园灌溉用品,园林灌溉计时器,0.35975438%,0.1439584182%,0.1839562452%,0.057785472%,22.96%
家居用品,园艺用品,花园灌溉用品,喷雾器,0.389939576%,0.1493104383%,0.0996274188%,0.03436272%,93.8%
家居用品,园艺用品,花园灌溉用品,洒水壶,0.140104872%,0.045874458%,0.0052239096%,0.006171264%,82.06%
家居用品,园艺用品,花园灌溉用品,灌溉套装,0.812152632%,0.4110132987%,0.2951508924%,0.19320264%,85.02%
家居用品,家庭装饰品,百叶帘和帘子,-,0.376425%,0.17082%,0.1512%,0.012456%,59.33%
家居用品,家庭装饰品,蜡烛及烛台,蜡烛配件,0.00077436%,0.000177606%,0.0%,0.0%,8.09%
家居用品,家庭装饰品,蜡烛及烛台,烛台,0.75616254%,0.321585264%,0.24865596%,0.0565863624%,137.38%
家居用品,家庭装饰品,蜡烛及烛台,蜡烛,0.71150778%,0.292872294%,0.210924%,0.1787049864%,60.66%
家居用品,家庭装饰品,钟,闹钟,1.849789017%,0.8143317%,0.3959604432%,0.3737128527%,50.27%
家居用品,家庭装饰品,钟,仿古工艺钟,0.2968656045%,0.07914465%,0.0042308784%,0.0048109743%,95.84%
家居用品,家庭装饰品,钟,钟的零部件和附件,0.544190094%,0.22293999%,0.0792667512%,0.1293516675%,46.14%
家居用品,家庭装饰品,钟,"座钟,台钟",0.6169774245%,0.20425041%,0.0581123592%,0.0268688376%,34.96%
家居用品,家庭装饰品,钟,数字和模拟钟,0.3174442215%,0.10717902%,0.0120704472%,0.0123451416%,18.61%
家居用品,家庭装饰品,钟,落地钟,0.081552297%,0.01983384%,0.002488752%,0.0%,96.64%
家居用品,家庭装饰品,钟,沙漏,0.513703254%,0.18937503%,0.0400689072%,0.0543730869%,230.51%
家居用品,家庭装饰品,钟,机械钟,0.1650100215%,0.04519827%,0.0001244376%,0.0%,550.72%
家居用品,家庭装饰品,钟,特殊用钟,0.1810156125%,0.04557969%,0.0059730048%,0.0020877813%,24.17%
家居用品,家庭装饰品,钟,壁挂钟,2.039569596%,1.00141821%,0.6459555816%,0.3041806581%,129.99%
家居用品,家庭装饰品,水晶泥,-,1.186635%,0.43992%,0.133056%,0.43596%,4.9%
家居用品,家庭装饰品,"窗杆,窗轨与附件",-,0.63096%,0.26208%,0.087696%,0.066951%,71.23%
家居用品,家庭装饰品,家居装饰工艺品,竹工艺品,0.175829193%,0.05182515%,0.0252815472%,0.0130788%,35.02%
家居用品,家庭装饰品,家居装饰工艺品,装饰瓶、罐、盒,0.009541119%,0.002073006%,0.0%,0.0%,22.02%
家居用品,家庭装饰品,家居装饰工艺品,装饰碗、盘,0.001363017%,0.000691002%,0.0%,0.0%,13.24%
家居用品,家庭装饰品,家居装饰工艺品,粘土工艺品,0.471603882%,0.161003466%,0.0497060928%,0.06343218%,11.92%
家居用品,家庭装饰品,家居装饰工艺品,装饰硬币,0.102226275%,0.026949078%,0.0%,0.0%,39.47%
家居用品,家庭装饰品,家居装饰工艺品,水晶工艺品,1.202180994%,0.427730238%,0.2793825216%,0.09645615%,98.78%
家居用品,家庭装饰品,家居装饰工艺品,小摆件及微型模型,0.264425298%,0.063572184%,0.0008570016%,0.0%,12.1%
家居用品,家庭装饰品,家居装饰工艺品,玻璃工艺品,0.621535752%,0.183806532%,0.0591331104%,0.02681154%,20.6%
家居用品,家庭装饰品,家居装饰工艺品,金纸币,0.009541119%,0.002073006%,0.0%,0.0%,12.76%
家居用品,家庭装饰品,家居装饰工艺品,漆器工艺品,0.083144037%,0.017966052%,0.0004285008%,0.0%,51.31%
家居用品,家庭装饰品,家居装饰工艺品,皮革工艺品,0.14993187%,0.033859098%,0.0034280064%,0.00196182%,12.58%
家居用品,家庭装饰品,家居装饰工艺品,金属工艺品,6.613358484%,3.007931706%,1.9145415744%,1.15714683%,251.63%
家居用品,家庭装饰品,家居装饰工艺品,天然工艺品,0.403453032%,0.121616352%,0.0432785808%,0.03106215%,21.76%
家居用品,家庭装饰品,家居装饰工艺品,纸工艺品,2.171286081%,1.086255144%,0.2900950416%,0.47050983%,17.47%
家居用品,家庭装饰品,家居装饰工艺品,饰针及徽章,0.002726034%,0.000691002%,0.0%,0.0%,9.89%
家居用品,家庭装饰品,家居装饰工艺品,塑料工艺品,2.314402866%,0.702749034%,0.3038070672%,0.2125305%,36.5%
家居用品,家庭装饰品,家居装饰工艺品,"陶瓷,珐琅",0.764652537%,0.23839569%,0.0544196016%,0.00948213%,39.66%
家居用品,家庭装饰品,家居装饰工艺品,树脂工艺品,3.301227174%,1.48910931%,0.6500357136%,0.64609272%,58.08%
家居用品,家庭装饰品,家居装饰工艺品,宝石工艺品,0.134938683%,0.035241102%,0.0094270176%,0.00261576%,50.33%
家居用品,家庭装饰品,家居装饰工艺品,贝壳、海星,0.002726034%,0.000691002%,0.0%,0.0%,43.35%
家居用品,家庭装饰品,家居装饰工艺品,雕像及雕塑,0.023171289%,0.004837014%,0.0%,0.0%,14.07%
家居用品,家庭装饰品,家居装饰工艺品,石头工艺品,0.283507536%,0.0691002%,0.0197110368%,0.01046304%,12.33%
家居用品,家庭装饰品,家居装饰工艺品,石头工艺品,0.283507536%,0.0691002%,0.0197110368%,0.01046304%,12.33%
家居用品,家庭装饰品,家居装饰工艺品,装饰刀、剑,0.006815085%,0.001382004%,0.0%,0.0%,4.7%
家居用品,家庭装饰品,家居装饰工艺品,纺织工艺品,0.956837934%,0.291602844%,0.1101247056%,0.05166126%,52.92%
家居用品,家庭装饰品,家居装饰工艺品,编结工艺品,0.605179548%,0.216974628%,0.083557656%,0.13144194%,22.83%
家居用品,家庭装饰品,家居装饰工艺品,风铃及挂饰,0.019082238%,0.00345501%,0.0%,0.0%,8.8%
家居用品,家庭装饰品,家居装饰工艺品,木制工艺品,2.438437413%,1.044795024%,0.3882217248%,0.38745945%,27.14%
家居用品,家庭装饰品,装饰贴膜,-,1.05399%,0.40716%,0.13608%,0.085635%,21.71%
家居用品,家庭装饰品,壁炉用具,-,0.039435%,0.00936%,0.001512%,0.0%,3.75%
家居用品,家庭装饰品,"旗帜,横幅",-,1.97892%,0.67158%,0.759024%,0.415719%,72.53%
家居用品,家庭装饰品,"画框,相框,镜框等",-,1.06116%,0.4797%,0.210168%,0.20241%,51.02%
家居用品,家庭装饰品,冰箱贴,-,1.243995%,0.41184%,0.114912%,0.225765%,22.48%
家居用品,家庭装饰品,熏香,-,0.419445%,0.14976%,0.055944%,0.098091%,11.14%
家居用品,家庭装饰品,熏香炉,-,0.52341%,0.17082%,0.066528%,0.038925%,31.48%
家居用品,家庭装饰品,镜子,-,0.290385%,0.0936%,0.0378%,0.014013%,39.48%
家居用品,家庭装饰品,储蓄罐,-,0.62379%,0.22698%,0.184464%,0.123003%,15.57%
家居用品,家庭装饰品,音乐盒,-,0.304725%,0.10998%,0.069552%,0.035811%,26.45%
家居用品,家庭装饰品,其它礼品工艺品,-,2.44497%,0.68094%,0.23436%,0.149472%,53.25%
家居用品,家庭装饰品,书法绘画,-,10.091775%,4.69872%,2.08656%,0.836109%,165.91%
家居用品,家庭装饰品,相册,-,1.0038%,0.47736%,0.229824%,0.255348%,16.2%
家居用品,家庭装饰品,装饰牌、板,-,0.23661%,0.06084%,0.018144%,0.007785%,26.15%
家居用品,家庭装饰品,屏风和隔断,-,0.13623%,0.05616%,0.028728%,0.003114%,15.8%
家居用品,家庭装饰品,花瓶,-,1.03248%,0.47502%,0.172368%,0.137016%,32.31%
家居用品,家庭装饰品,墙贴,-,13.526205%,8.13852%,4.350024%,8.085501%,94.07%
家居用品,家用储存收藏用具,衣物收纳,内衣收纳盒,0.0014260025%,0.0002680064%,0.0%,0.0%,133.3%
家居用品,家用储存收藏用具,衣物收纳,衣物、被子收纳袋,0.010094175%,0.0021348096%,0.0%,0.0%,55.15%
家居用品,家用储存收藏用具,衣物收纳,衣挂,0.009517365%,0.0020146688%,0.0%,0.0%,91.87%
家居用品,家用储存收藏用具,衣物收纳,收纳挂袋,0.0087322625%,0.0016912128%,0.0%,0.0%,87.41%
家居用品,家用储存收藏用具,衣物收纳,鞋架,0.143337285%,0.0414855424%,0.0110122656%,0.0110289816%,110.25%
家居用品,家用储存收藏用具,家用办公收纳用品,-,0.071825%,0.0152%,0.0%,0.0%,22.33%
家居用品,家用储存收藏用具,钩子和栏杆,-,1.225445%,0.533216%,0.1648%,0.386694%,203.31%
家居用品,家用储存收藏用具,厨房收纳用品,袋夹,0.6533815275%,0.235413648%,0.0481602044%,0.1617990192%,109.84%
家居用品,家用储存收藏用具,厨房收纳用品,收纳袋、筐,0.00777699%,0.0017032512%,0.0%,0.0%,65.67%
家居用品,家用储存收藏用具,厨房收纳用品,收纳瓶、罐、盒,0.02836314%,0.0054341824%,0.0%,0.0%,36.44%
家居用品,家用储存收藏用具,厨房收纳用品,收纳架,0.0094925025%,0.0019465728%,0.0%,0.0%,79.67%
家居用品,家用储存收藏用具,厨房收纳用品,保鲜膜 &保鲜袋,0.333266895%,0.1089269696%,0.0192537488%,0.028232568%,101.71%
家居用品,家用储存收藏用具,厨房收纳用品,收纳托盘,0.3402433125%,0.0955442816%,0.0181773988%,0.006194916%,90.6%
家居用品,家用储存收藏用具,洗衣收纳用品,衣夹,0.218267556%,0.0663527424%,0.0238462304%,0.015106455%,142.38%
家居用品,家用储存收藏用具,洗衣收纳用品,晾衣绳,0.003121183%,0.0007471104%,0.0%,0.0%,49.88%
家居用品,家用储存收藏用具,洗衣收纳用品,晾衣架,0.677296711%,0.2860965888%,0.1610498112%,0.167034231%,105.01%
家居用品,家用储存收藏用具,洗衣收纳用品,"洗衣袋,洗衣篮",0.497990129%,0.1982644224%,0.0461245536%,0.140905044%,74.94%
家居用品,家用储存收藏用具,收纳包,-,4.10839%,1.85744%,1.125584%,1.46475%,95.88%
家居用品,家用储存收藏用具,收纳篮,-,1.0166%,0.424992%,0.136372%,0.126666%,79.74%
家居用品,家用储存收藏用具,收纳瓶和收纳罐,-,1.278485%,0.485184%,0.1133%,0.103788%,76.3%
家居用品,家用储存收藏用具,收纳盒和收纳箱（有关婴儿食品储存的请发布到婴儿食品存储盒下）,-,5.26422%,2.852128%,1.8128%,2.241486%,99.25%
家居用品,家用储存收藏用具,收纳抽屉,-,0.16575%,0.046816%,0.009064%,0.003906%,58.49%
家居用品,家用储存收藏用具,收纳架,-,2.394535%,1.101088%,0.482452%,0.843138%,81.85%
家居用品,家纺成品,床裙,-,0.083812%,0.027439%,0.016272%,0.002877%,53.68%
家居用品,家纺成品,床上成套纺织用品（婴儿用的请发布到婴儿床上套件）,-,3.35248%,1.726271%,1.470582%,0.199746%,113.75%
家居用品,家纺成品,床罩,-,0.15487%,0.058457%,0.012204%,0.002055%,27.76%
家居用品,家纺成品,毯子（婴儿用的请发布到婴儿毛毯/裹毯下）,-,1.55781%,0.615588%,0.426123%,0.099873%,87.43%
家居用品,家纺成品,地毯,-,1.807424%,0.844644%,0.924453%,0.212898%,44.11%
家居用品,家纺成品,椅套,-,0.759774%,0.316145%,0.715968%,0.085488%,77.82%
家居用品,家纺成品,胖被子,-,0.369866%,0.109756%,0.098649%,0.00822%,47.19%
家居用品,家纺成品,窗帘,-,3.305108%,2.640109%,1.684152%,0.689658%,59.5%
家居用品,家纺成品,坐垫/靠垫,-,3.314218%,1.608164%,1.260063%,0.810081%,87.88%
家居用品,家纺成品,垫套,-,2.26839%,0.986611%,0.51867%,0.330444%,147.67%
家居用品,家纺成品,门窗纱,-,0.559354%,0.245758%,0.082377%,0.103983%,14.42%
家居用品,家纺成品,被套,-,0.129362%,0.041755%,0.019323%,0.003288%,67.07%
家居用品,家纺成品,手帕,-,0.111142%,0.029825%,0.01017%,0.005343%,79.57%
家居用品,家纺成品,地垫,-,1.481286%,0.641834%,0.200349%,0.108915%,76.58%
家居用品,家纺成品,床垫套,-,0.280588%,0.082317%,0.039663%,0.00822%,24.32%
家居用品,家纺成品,蚊帐,-,0.504694%,0.20281%,0.105768%,0.095763%,16.54%
家居用品,家纺成品,其它家纺用品,-,0.68325%,0.209968%,0.108819%,0.121245%,30.34%
家居用品,家纺成品,枕头（婴儿用的请发布到婴儿枕头下）,-,1.61247%,0.616781%,0.31527%,0.200157%,31.57%
家居用品,家纺成品,枕套（婴儿用的请发布到婴儿枕套下）,-,2.973504%,1.167947%,0.451548%,0.29592%,339.01%
家居用品,家纺成品,绗缝被,-,0.134828%,0.053685%,0.025425%,0.002877%,75.24%
家居用品,家纺成品,小地毯,-,0.178556%,0.052492%,0.016272%,0.002055%,55.42%
家居用品,家纺成品,椅子飘带,-,0.2733%,0.077545%,0.157635%,0.011508%,206.03%
家居用品,家纺成品,床单（婴儿用的请发布到婴儿床单下）,-,0.34618%,0.121686%,0.074241%,0.01644%,44.25%
家居用品,家纺成品,沙发套,-,0.530202%,0.254109%,0.155601%,0.022605%,31.13%
家居用品,家纺成品,桌布,-,1.424804%,0.651378%,0.340695%,0.094941%,83.49%
家居用品,家纺成品,餐巾,-,0.369866%,0.093054%,0.043731%,0.006987%,48.01%
家居用品,家纺成品,桌旗,-,0.515626%,0.176564%,0.115938%,0.030825%,73.49%
家居用品,家纺成品,桌裙,-,0.235038%,0.05965%,0.032544%,0.006165%,24.35%
家居用品,家纺成品,挂毯,-,0.184022%,0.056071%,0.013221%,0.001233%,30.5%
家居用品,家纺成品,盖毯,-,0.162158%,0.046527%,0.007119%,0.001233%,37.08%
家居用品,家纺成品,毛巾/浴巾（婴儿用的请发布到婴儿毛巾下）,-,2.027886%,0.972295%,0.723087%,0.553617%,65.34%
家居用品,家纺成品,短帷幕,-,0.038262%,0.008351%,0.003051%,0.0%,16.48%
家居用品,家装,卫浴五金件,卫浴五金套件,0.3471361465%,0.096985112%,0.068407324%,0.0557671248%,32.15%
家居用品,家装,卫浴五金件,浴室镜,0.2456655806%,0.068070296%,0.016104532%,0.0027370368%,15.32%
家居用品,家装,卫浴五金件,置物架,0.8986188343%,0.3562546288%,0.124256068%,0.1405012224%,52.47%
家居用品,家装,卫浴五金件,杯架,0.213622244%,0.0557814992%,0.01366669%,0.0089523912%,60.13%
家居用品,家装,卫浴五金件,扶杆,0.0548109705%,0.0143369296%,0.009529746%,0.0068996136%,53.16%
家居用品,家装,卫浴五金件,皂液器,0.4008227894%,0.1652963648%,0.14368493%,0.0743561664%,191.62%
家居用品,家装,卫浴五金件,纸巾架,0.5576664896%,0.1943316592%,0.088353304%,0.0427091784%,68.96%
家居用品,家装,卫浴五金件,衣挂钩,0.7816887639%,0.297581648%,0.107634418%,0.0998448216%,96.31%
家居用品,家装,卫浴五金件,皂碟,0.4885203422%,0.1850548224%,0.048165848%,0.0998448216%,178.71%
家居用品,家装,卫浴五金件,马桶刷,0.1866383816%,0.0603596784%,0.035533394%,0.0275414328%,78.25%
家居用品,家装,卫浴五金件,毛巾杆,0.1647139934%,0.0461432272%,0.022827066%,0.004846836%,417.97%
家居用品,家装,卫浴五金件,毛巾架,0.2855792104%,0.0836120096%,0.047427108%,0.011689428%,90.64%
家居用品,家装,卫浴五金件,毛巾环,0.1596545192%,0.0377097392%,0.012632454%,0.0041055552%,84.6%
家居用品,家装,龙头，阀门,起泡器,0.3523550228%,0.1321926242%,0.048876165%,0.1453527504%,27.08%
家居用品,家装,龙头，阀门,台盆龙头,1.152667747%,0.489262739%,0.556604685%,0.1742651856%,199.48%
家居用品,家装,龙头，阀门,浴缸淋浴龙头,0.792958672%,0.3355658922%,0.69739722%,0.0516132144%,154.7%
家居用品,家装,龙头，阀门,浴室龙头附件,0.7357249614%,0.29172395%,0.15659826%,0.2114221824%,74.8%
家居用品,家装,龙头，阀门,水嘴,0.1365295778%,0.045008838%,0.02042586%,0.015811488%,76.48%
家居用品,家装,龙头，阀门,妇洗器龙头,0.1656260452%,0.0446754392%,0.024073335%,0.006211656%,34.47%
家居用品,家装,龙头，阀门,龙头阀芯,0.121501732%,0.0393410584%,0.034286265%,0.0075669264%,48.51%
家居用品,家装,龙头，阀门,厨房龙头附件,0.5489959838%,0.2018729734%,0.040608555%,0.119150856%,10.92%
家居用品,家装,龙头，阀门,厨房龙头,0.976809977%,0.4435871034%,0.474414915%,0.0888831504%,82.24%
家居用品,家装,龙头，阀门,其它龙头附件,0.1381282848%,0.0415081506%,0.01361724%,0.0179573328%,69.9%
家居用品,家装,龙头，阀门,花洒头,0.8923982474%,0.3744068524%,0.364018005%,0.300982968%,74.11%
家居用品,家装,墙纸,-,2.93656%,1.72732%,1.12875%,0.144624%,114.99%
家居用品,家庭清洁用具及附件,围裙,-,0.913941%,0.39688%,0.169084%,0.177288%,137.34%
家居用品,家庭清洁用具及附件,扫帚和畚箕,-,0.054279%,0.01452%,0.005248%,0.003486%,102.36%
家居用品,家庭清洁用具及附件,桶,-,0.126162%,0.03564%,0.008528%,0.006225%,62.93%
家居用品,家庭清洁用具及附件,清洁刷,-,1.477269%,0.60324%,0.260596%,0.638685%,119.25%
家居用品,家庭清洁用具及附件,清洁布,-,0.720786%,0.27698%,0.085772%,0.153882%,147.75%
家居用品,家庭清洁用具及附件,掸子,-,0.092421%,0.02596%,0.012956%,0.015189%,106.57%
家居用品,家庭清洁用具及附件,家用日化产品,空气清新剂,0.3404201862%,0.101170608%,0.027413748%,0.0357287112%,143.57%
家居用品,家庭清洁用具及附件,家用日化产品,洗涤剂,0.1487534577%,0.039834256%,0.0123513156%,0.0061838154%,48.04%
家居用品,家庭清洁用具及附件,家用日化产品,管道疏通剂,0.1427932812%,0.036587936%,0.0101303784%,0.0391641642%,65.88%
家居用品,家庭清洁用具及附件,家用日化产品,除臭剂,0.0842580741%,0.022666952%,0.0074192616%,0.010306359%,139.68%
家居用品,家庭清洁用具及附件,家用日化产品,蜡和上光剂,0.0697654344%,0.017052728%,0.003207348%,0.0027483624%,20.85%
家居用品,家庭清洁用具及附件,家用手套,-,0.717363%,0.35112%,0.30832%,0.089391%,63.83%
家居用品,家庭清洁用具及附件,洗衣产品,烫衣板,0.2448097326%,0.068684682%,0.0109520512%,0.0480977364%,41.23%
家居用品,家庭清洁用具及附件,洗衣产品,"洗衣球,洗衣片",0.1690274466%,0.054297298%,0.0197921596%,0.0302298948%,158.99%
家居用品,家庭清洁用具及附件,洗衣产品,板刷,0.0042284319%,0.00086152%,5.00856e-05%,0.0%,322.18%
家居用品,家庭清洁用具及附件,洗衣产品,洗衣板,0.0087314373%,0.002326104%,0.0010351024%,0.0013801572%,499.16%
家居用品,家庭清洁用具及附件,毛球修剪器,-,0.36675%,0.11858%,0.08528%,0.19422%,44.4%
家居用品,家庭清洁用具及附件,滚筒式黏毛棒和刷,-,0.334476%,0.10692%,0.02952%,0.066732%,76.9%
家居用品,家庭清洁用具及附件,拖把,-,0.305136%,0.1111%,0.049528%,0.033615%,48.75%
家居用品,家庭清洁用具及附件,袖套,-,0.065526%,0.02288%,0.05002%,0.004233%,127.5%
家居用品,家庭清洁用具及附件,鞋刷,-,0.111492%,0.03476%,0.008856%,0.019173%,140.57%
家居用品,家庭清洁用具及附件,"擦洗用垫,清洁球和海绵",-,0.913941%,0.3916%,0.387204%,0.821202%,75.38%
家居用品,家庭清洁用具及附件,橡胶清洁刮刀,-,0.081174%,0.01958%,0.002132%,0.003486%,63.97%
家居用品,家庭清洁用具及附件,垃圾桶,-,0.276774%,0.09174%,0.032964%,0.036354%,87.13%
家居用品,家居日用品,防尘保护罩,空调罩,0.004549056%,0.0009101974%,0.0%,0.0%,81.25%
家居用品,家居日用品,防尘保护罩,万能盖巾,0.00682689%,0.0016078426%,0.0%,0.0%,79.17%
家居用品,家居日用品,防尘保护罩,衣物防尘罩,0.004621788%,0.0008361374%,0.0%,0.0%,73.85%
家居用品,家居日用品,防尘保护罩,电脑罩,0.0%,0.0%,0.0%,0.0%,0.0%
家居用品,家居日用品,防尘保护罩,门把手套,0.000499206%,8.44284e-05%,0.0%,0.0%,57.14%
家居用品,家居日用品,防尘保护罩,电扇罩,0.001920786%,0.0004125142%,0.0%,0.0%,177.78%
家居用品,家居日用品,防尘保护罩,微波炉罩,0.001920786%,0.0003488226%,0.0%,0.0%,177.78%
家居用品,家居日用品,防尘保护罩,钢琴罩,0.000142158%,2.14774e-05%,0.0%,0.0%,800.0%
家居用品,家居日用品,防尘保护罩,遥控器套,0.007395522%,0.0018833458%,0.0%,0.0%,111.54%
家居用品,家居日用品,防尘保护罩,鞋靴收纳罩/防尘罩,0.000426474%,8.44284e-05%,0.0%,0.0%,200.0%
家居用品,家居日用品,防尘保护罩,开关套,0.001137264%,0.0002118116%,0.0%,0.0%,75.0%
家居用品,家居日用品,防尘保护罩,电视机罩,0.001137264%,0.0001903342%,0.0%,0.0%,75.0%
家居用品,家居日用品,防尘保护罩,电话罩,0.000142158%,3.18458e-05%,0.0%,0.0%,200.0%
家居用品,家居日用品,防尘保护罩,洗衣机罩,0.005616894%,0.0011531142%,0.0%,0.0%,40.51%
家居用品,家居日用品,防尘保护罩,饮水机罩,7.2732e-05%,2.14774e-05%,0.0%,0.0%,400.0%
家居用品,家居日用品,防尘保护罩,酒瓶套,0.00021489%,7.406e-05%,0.0%,0.0%,266.67%
家居用品,家居日用品,打火机和烟具,烟灰缸,0.465419592%,0.161571228%,0.1264515252%,0.11141214%,121.53%
家居用品,家居日用品,打火机和烟具,雪茄配件,0.004693722%,0.001035713%,0.0%,0.0%,60.17%
家居用品,家居日用品,打火机和烟具,香烟配件,0.463443288%,0.166009998%,0.0790850676%,0.07287511%,49.57%
家居用品,家居日用品,打火机和烟具,打火机,1.490380254%,0.840703038%,0.3761827146%,0.26201448%,78.11%
家居用品,家居日用品,打火机和烟具,火柴,0.18157293%,0.06214278%,0.0230488566%,0.11831708%,17.5%
家居用品,家居日用品,打火机和烟具,水烟斗及配件,0.050395752%,0.013020392%,0.0%,0.0%,21.3%
家居用品,家居日用品,打火机和烟具,旱烟斗及配件,1.542999348%,0.917789677%,0.7415811018%,0.62778968%,134.69%
家居用品,家居日用品,雨具,雨罩,0.005055102%,0.0010796016%,0.0%,0.0%,8.15%
家居用品,家居日用品,雨具,雨衣,0.968052033%,0.4528437984%,0.1417505855%,0.095619407%,25.61%
家居用品,家居日用品,雨具,雨具配件,0.002138697%,0.0003925824%,0.0%,0.0%,21.01%
家居用品,家居日用品,雨具,伞架,0.097796781%,0.0295418256%,0.0057447519%,0.00687177%,24.94%
家居用品,家居日用品,雨具,雨伞,1.52430768%,0.7712281248%,0.4449613931%,0.219438522%,144.61%
家居用品,家居日用品,保暖用品,电热毯,0.01046862%,0.0041005734%,0.0%,0.0%,16.34%
家居用品,家居日用品,保暖用品,电热垫,0.0003591%,7.4382e-05%,0.0%,0.0%,159.0%
家居用品,家居日用品,保暖用品,热水袋,0.025308%,0.0069525918%,0.001592%,0.0026865995%,112.61%
家居用品,家居日用品,保暖用品,暖手炉,0.00014364%,2.1252e-05%,0.0%,0.0%,397.5%
家居用品,家居日用品,保暖用品,发热贴,0.0%,0.0%,0.0%,0.0%,0.0%
家居用品,厨房吧台用品,烧烤用品,烧烤附件,0.4533431616%,0.1447859566%,0.0743949478%,0.0556322811%,73.62%
家居用品,厨房吧台用品,烧烤用品,烧烤炉,0.390066936%,0.1510043592%,0.0480114284%,0.0068791317%,53.15%
家居用品,厨房吧台用品,烧烤用品,烧烤工具,0.8120643888%,0.3097939626%,0.1305516238%,0.1772035563%,137.23%
家居用品,厨房吧台用品,烘培用具,烘培套装,0.2936548944%,0.0999033072%,0.010829164%,0.0121094532%,18.55%
家居用品,厨房吧台用品,烘培用具,烘培与面点工具,3.6468884592%,2.329981737%,1.174964294%,2.2253448996%,53.73%
家居用品,厨房吧台用品,烘培用具,烘烤盘,0.4283589744%,0.170887236%,0.0314045756%,0.0242189064%,22.82%
家居用品,厨房吧台用品,烘培用具,蛋糕工具,7.2434873952%,5.0589194442%,4.0192442186%,6.8241426264%,156.41%
家居用品,厨房吧台用品,烘培用具,曲奇工具,1.019260872%,0.5008310532%,0.0687651914%,0.1527654096%,37.41%
家居用品,厨房吧台用品,烘培用具,烤箱用隔热手套,0.511875504%,0.256330854%,0.0384435322%,0.0726567192%,33.37%
家居用品,厨房吧台用品,烘培用具,馅饼工具,0.1014770736%,0.0276048612%,0.0010829164%,0.0037259856%,10.15%
家居用品,厨房吧台用品,烘培用具,匹萨工具,0.2864706768%,0.1038468588%,0.0151608296%,0.0223559136%,24.09%
家居用品,厨房吧台用品,烘培用具,擀面杖和面板,0.6618460464%,0.318770421%,0.0546872782%,0.0856976688%,18.13%
家居用品,厨房吧台用品,酒吧酒具,酒吧酒具附件,1.2231844128%,0.410288052%,0.3032835138%,0.1593096336%,100.08%
家居用品,厨房吧台用品,酒吧酒具,酒具套装,0.6903242136%,0.255462372%,0.1444127616%,0.0604443528%,124.04%
家居用品,厨房吧台用品,酒吧酒具,酒吧工具,1.0459756944%,0.405195102%,0.2292385446%,0.3825626688%,92.75%
家居用品,厨房吧台用品,酒吧酒具,"冰桶,冷却器和酒架",0.7520264136%,0.266157567%,0.1587036078%,0.0865156968%,87.92%
家居用品,厨房吧台用品,烹调工具,乳酪工具,0.245273679%,0.062700469%,0.0234655368%,0.0189162378%,37.8%
家居用品,厨房吧台用品,烹调工具,咖啡和茶工具,2.4518761806%,1.2752310772%,0.73802898%,1.127968254%,126.1%
家居用品,厨房吧台用品,烹调工具,滤网,0.770245413%,0.3549811168%,0.0968899584%,0.2578213152%,77.05%
家居用品,厨房吧台用品,烹调工具,烹调工具套装,0.8941731666%,0.3448525795%,0.0563929836%,0.0889763778%,39.61%
家居用品,厨房吧台用品,烹调工具,甜品工具,0.1660976142%,0.0491957526%,0.0298996356%,0.0119102238%,96.36%
家居用品,厨房吧台用品,烹调工具,鸡蛋工具,1.5181149816%,0.8300577473%,0.2051342088%,0.669074337%,105.99%
家居用品,厨房吧台用品,烹调工具,蔬果工具,3.5207530554%,1.9779586413%,1.3178548248%,2.8717651386%,157.24%
家居用品,厨房吧台用品,烹调工具,调味工具,0.4879655298%,0.154339616%,0.0351983052%,0.0273234546%,93.34%
家居用品,厨房吧台用品,烹调工具,冰激凌工具,1.5293029038%,0.7210553935%,0.2391970848%,0.3916361826%,129.33%
家居用品,厨房吧台用品,烹调工具,点火器,0.3235891344%,0.1090023538%,0.013246674%,0.0161138322%,22.41%
家居用品,厨房吧台用品,烹调工具,计时器,0.8322092898%,0.3708973897%,0.0802369968%,0.164641329%,74.3%
家居用品,厨房吧台用品,烹调工具,量具,0.7814333352%,0.3081969207%,0.0859141428%,0.129611259%,89.17%
家居用品,厨房吧台用品,烹调工具,肉类工具,1.0378949364%,0.438903283%,0.1578246588%,0.2283960564%,51.32%
家居用品,厨房吧台用品,烹调工具,研磨器（有关婴儿的请发布到婴儿食品研磨器下）,1.0740405312%,0.496780639%,0.1884812472%,0.1513299024%,75.51%
家居用品,厨房吧台用品,烹调工具,开瓶罐器,1.6833519864%,0.9487063271%,0.2891559696%,0.4385764764%,117.08%
家居用品,厨房吧台用品,烹调工具,其它烹调工具,0.438910794%,0.1147900894%,0.0185453436%,0.0259222518%,165.76%
家居用品,厨房吧台用品,烹调工具,意粉工具,0.1858916304%,0.0516073091%,0.0158960088%,0.0077066154%,37.87%
家居用品,厨房吧台用品,烹调工具,色拉工具,0.073151799%,0.0154339616%,0.0090834336%,0.0189162378%,22.49%
家居用品,厨房吧台用品,烹调工具,海鲜工具,0.6127538928%,0.2194516415%,0.0329274468%,0.133114266%,29.95%
家居用品,厨房吧台用品,烹调工具,专用工具,0.6910693482%,0.2151108398%,0.022708584%,0.077066154%,38.06%
家居用品,厨房吧台用品,烹调工具,汤勺架和锅夹,0.6291054714%,0.2421202726%,0.0355767816%,0.094581189%,44.72%
家居用品,厨房吧台用品,烹调工具,寿司工具,0.382971183%,0.1548219273%,0.0632055588%,0.0791679582%,106.04%
家居用品,厨房吧台用品,烹调工具,器具,0.5834931732%,0.197747633%,0.0298996356%,0.0889763778%,66.9%
家居用品,厨房吧台用品,炊具,砂锅,0.126050904%,0.0401747979%,0.0027991884%,0.0%,63.19%
家居用品,厨房吧台用品,炊具,炊具部件,0.7832274072%,0.3432852018%,0.0630494613%,0.081083727%,104.6%
家居用品,厨房吧台用品,炊具,炊具套装,0.6142258248%,0.2566927215%,0.0258473445%,0.0082429515%,161.43%
家居用品,厨房吧台用品,炊具,双层蒸锅,0.1347655344%,0.0448753227%,0.0015576129%,0.0006915855%,70.94%
家居用品,厨房吧台用品,炊具,荷兰锅,0.0445068624%,0.009547941%,0.0001128705%,0.0%,32.98%
家居用品,厨房吧台用品,炊具,西式平底锅,0.5840358552%,0.2714553072%,0.0416040663%,0.0316073265%,98.7%
家居用品,厨房吧台用品,炊具,压力锅,0.087146304%,0.0266607891%,0.0051243207%,0.0%,119.78%
家居用品,厨房吧台用品,炊具,汤锅,0.4299736392%,0.179941965%,0.0209261907%,0.007551366%,94.11%
家居用品,厨房吧台用品,炊具,蒸格,0.5717420016%,0.2549300247%,0.0378116175%,0.048111921%,93.15%
家居用品,厨房吧台用品,炊具,焖烧锅,0.1556184%,0.0517057728%,0.0011061309%,0.0%,50.73%
家居用品,厨房吧台用品,炊具,烧水瓶和水壶,0.5164974696%,0.2186478489%,0.0224838036%,0.008934537%,70.18%
家居用品,厨房吧台用品,炊具,中式炒菜锅,0.1395897048%,0.0516323271%,0.0031829481%,0.0006915855%,90.91%
家居用品,厨房吧台用品,饮具,咖啡和茶具套装,1.317970143%,0.5605561672%,0.275941956%,0.1010732967%,157.32%
家居用品,厨房吧台用品,饮具,茶杯与茶碟(婴儿用的请发布到喂养杯/学饮杯下）,0.620973171%,0.2008630888%,0.0505025844%,0.032232942%,108.35%
家居用品,厨房吧台用品,饮具,玻璃杯,0.83424348%,0.2490977928%,0.0947574264%,0.0412121187%,89.19%
家居用品,厨房吧台用品,饮具,酒壶,0.639810927%,0.2163671008%,0.1582761408%,0.0831149433%,94.35%
家居用品,厨房吧台用品,饮具,马克杯,2.416614984%,1.0463485432%,0.603948432%,0.3135804786%,151.52%
家居用品,厨房吧台用品,饮具,茶具配件,0.283239117%,0.0640832496%,0.0145780656%,0.013814118%,80.02%
家居用品,厨房吧台用品,饮具,保温瓶和热水瓶,1.09662651%,0.4540952848%,0.2298648558%,0.1346876505%,70.95%
家居用品,厨房吧台用品,饮具,水瓶和水壶,3.46480155%,1.7030295848%,1.1672865384%,1.574809452%,59.93%
家居用品,厨房吧台用品,饮具,水罐,0.211251978%,0.0503019056%,0.007809678%,0.0124327062%,23.21%
家居用品,厨房吧台用品,厨房刀具及附件,刀架和卷袋,0.381470754%,0.1379038622%,0.0371803432%,0.04057155%,56.1%
家居用品,厨房吧台用品,厨房刀具及附件,砧板,0.2134455036%,0.0888221202%,0.0205132928%,0.0268278%,114.69%
家居用品,厨房吧台用品,厨房刀具及附件,厨房刀,2.0032409712%,0.9582022664%,0.825339515%,0.50368095%,115.51%
家居用品,厨房吧台用品,厨房刀具及附件,套装刀具,0.7789721856%,0.2672580016%,0.1000023024%,0.04738845%,82.18%
家居用品,厨房吧台用品,厨房刀具及附件,磨刀器,1.4222773404%,0.7501590116%,0.6195655466%,0.48718845%,97.5%
家居用品,厨房吧台用品,桌面装饰品及附件,餐具垫,1.7405551296%,0.770354256%,0.2808911273%,0.3432104643%,116.11%
家居用品,厨房吧台用品,桌面装饰品及附件,餐巾环,0.225359232%,0.093467248%,0.0654752965%,0.0130842699%,224.84%
家居用品,厨房吧台用品,桌面装饰品及附件,纸巾盒,0.513957024%,0.165719232%,0.0551171467%,0.0420534561%,63.83%
家居用品,厨房吧台用品,桌面装饰品及附件,牙签盒,0.347237184%,0.0850612%,0.0100634057%,0.0172414794%,47.85%
家居用品,厨房吧台用品,桌面装饰品及附件,牙签,0.2281187328%,0.0650468%,0.0095160238%,0.0220550904%,14.6%
家居用品,厨房吧台用品,餐具,碗,0.8370242916%,0.2816117217%,0.062043553%,0.0461367792%,96.48%
家居用品,厨房吧台用品,餐具,筷子,0.3408875568%,0.1265212083%,0.0479861326%,0.0812044521%,135.57%
家居用品,厨房吧台用品,餐具,餐刀,0.08257935%,0.0216487902%,0.0079832264%,0.0034416549%,42.39%
家居用品,厨房吧台用品,餐具,餐具套装,1.8771937842%,0.9110236794%,0.4179045472%,0.3921626232%,102.56%
家居用品,厨房吧台用品,餐具,餐盘（婴儿用的请发布到婴儿喂养碗下）,0.9506534772%,0.393937002%,0.0913732326%,0.0412998588%,90.91%
家居用品,厨房吧台用品,餐具,扁平餐具套装,0.2698693158%,0.0722217837%,0.0177019368%,0.0048369204%,78.45%
家居用品,厨房吧台用品,餐具,餐叉,0.3527789832%,0.1235045736%,0.0319329056%,0.0557176023%,116.39%
家居用品,厨房吧台用品,餐具,调味汁壶,0.171765048%,0.0480887061%,0.010846775%,0.0123713541%,59.67%
家居用品,厨房吧台用品,餐具,调羹(婴儿用的请发布到婴儿喂养匙下）,0.7930920774%,0.3857743434%,0.1771061422%,0.2937498966%,116.81%
家居用品,厨房吧台用品,餐具,装糖或乳脂的小罐,0.1195748988%,0.0353123709%,0.0024296776%,0.002790531%,49.65%
家居用品,厨房吧台用品,餐具,有盖汤盆,0.0393077706%,0.0094048023%,0.0005206452%,0.0%,76.38%
家居用品,其它家居和园艺用品,-,-,3.61%,1.02%,0.24%,0.45%,26.61%
家居用品,宠物用品,养鸟用品,鸟笼,0.196630486%,0.0899500707%,0.0289275734%,0.015103548%,150.09%
家居用品,宠物用品,养鸟用品,水杯/水瓶,0.1187624009%,0.0364040001%,0.0162964568%,0.006869088%,26.4%
家居用品,宠物用品,养鸟用品,鸟粮,0.0%,0.0%,0.0%,0.0%,0.0%
家居用品,宠物用品,养鸟用品,喂食用品,0.1515743593%,0.0521851734%,0.0106144982%,0.010303632%,54.85%
家居用品,宠物用品,养鸟用品,鸟美容用品,0.0026539084%,0.0004972509%,8.17548e-05%,0.0%,65.47%
家居用品,宠物用品,养鸟用品,鸟玩具,0.2615306096%,0.1101279888%,0.047485913%,0.08994564%,115.25%
家居用品,宠物用品,养鸟用品,保健&维生素,0.0%,0.0%,0.0%,0.0%,0.0%
家居用品,宠物用品,养鸟用品,鸟笼罩,0.0267803484%,0.0077989878%,0.0005586578%,0.000689724%,38.86%
家居用品,宠物用品,养鸟用品,其它鸟类用品,0.0523543748%,0.0163307664%,0.0020574958%,0.003434544%,85.38%
家居用品,宠物用品,养鸟用品,训练用品,0.0955407024%,0.0354880116%,0.0302356502%,0.015103548%,144.21%
家居用品,宠物用品,养猫用品,猫配饰,0.0999737739%,0.0311135742%,0.0100679836%,0.0096517568%,77.0%
家居用品,宠物用品,养猫用品,猫自动喂食/喂水器,0.0464101638%,0.0150410925%,0.0014701038%,0.0006894112%,87.28%
家居用品,宠物用品,养猫用品,猫便盆,0.0579254676%,0.0226905624%,0.0060586096%,0.003447056%,91.28%
家居用品,宠物用品,养猫用品,猫窝/猫垫,0.2517664149%,0.0992712105%,0.0318967976%,0.0274902716%,143.62%
家居用品,宠物用品,养猫用品,猫碗,0.0678705027%,0.0230343588%,0.001559201%,0.0020682336%,166.55%
家居用品,宠物用品,养猫用品,猫笼子,0.0617639022%,0.0186509547%,0.0016482982%,0.0006894112%,82.1%
家居用品,宠物用品,养猫用品,猫携带用品,0.082002921%,0.0247533408%,0.0015146524%,0.0013788224%,38.66%
家居用品,宠物用品,养猫用品,猫外套/夹克,0.0514699185%,0.0184790565%,0.001113715%,0.0020682336%,56.57%
家居用品,宠物用品,养猫用品,猫项圈和牵引,0.3093429339%,0.1317599703%,0.030515791%,0.088761692%,88.68%
家居用品,宠物用品,养猫用品,角色扮演服,0.1898280384%,0.0712518039%,0.012473608%,0.01723528%,36.68%
家居用品,宠物用品,养猫用品,猫大门/围栏,0.0692662971%,0.0273318138%,0.0110035042%,0.006894112%,115.81%
家居用品,宠物用品,养猫用品,猫羽绒服/棉服,0.066300234%,0.0190807002%,0.0018710412%,0.0027576448%,16.67%
家居用品,宠物用品,养猫用品,猫连衣裙,0.0415248834%,0.0140097033%,0.0010246178%,0.0013788224%,119.83%
家居用品,宠物用品,养猫用品,猫干粮,0.0006978972%,0.0001718982%,0.0%,0.0%,175.5%
家居用品,宠物用品,养猫用品,猫美容用品,0.3967545582%,0.1545364818%,0.067045643%,0.1575304592%,39.11%
家居用品,宠物用品,养猫用品,猫卫衣,0.0397801404%,0.0138378051%,0.0015146524%,0.0013788224%,57.63%
家居用品,宠物用品,养猫用品,猫鞋,0.0116897781%,0.0027503712%,4.45486e-05%,0.0%,14.45%
家居用品,宠物用品,养猫用品,猫玩具,0.8756865117%,0.425448045%,0.2187781746%,0.5027531176%,164.24%
家居用品,宠物用品,养猫用品,猫训练用品,0.1252725474%,0.0400522806%,0.0063704498%,0.0055152896%,44.33%
家居用品,宠物用品,养猫用品,猫保健用品,0.0031405374%,0.0006016437%,0.0%,0.0%,78.98%
家居用品,宠物用品,养猫用品,猫风衣,0.0075023949%,0.0016330329%,0.0%,0.0%,184.28%
家居用品,宠物用品,养猫用品,猫马甲/背心,0.1540608069%,0.0568983042%,0.0069941302%,0.0144776352%,27.21%
家居用品,宠物用品,养猫用品,猫湿粮,0.0003489486%,8.59491e-05%,0.0%,0.0%,"27,246.91%"
家居用品,宠物用品,养猫用品,家具及抓爬工具,0.1568523957%,0.0781277319%,0.0251254104%,0.0055152896%,84.68%
家居用品,宠物用品,养猫用品,其它养猫用品,0.1526650125%,0.0483893433%,0.0073950676%,0.0151670464%,76.2%
家居用品,宠物用品,养狗用品,狗梳子,0.5708217515%,0.261794835%,0.1557964794%,0.2217883376%,80.1%
家居用品,宠物用品,养狗用品,狗配件用品,1.0426002587%,0.506921085%,0.2488630232%,0.2776544176%,115.0%
家居用品,宠物用品,养狗用品,狗自动喂食/喂水器,0.2729359633%,0.1063847925%,0.0452478224%,0.0547487584%,57.44%
家居用品,宠物用品,养狗用品,狗窝/垫子,1.1423995583%,0.6471333%,0.5157223394%,0.2983248672%,91.69%
家居用品,宠物用品,养狗用品,狗帽子,0.1640640001%,0.0544180275%,0.023138091%,0.0217877712%,59.26%
家居用品,宠物用品,养狗用品,狗携带用品,0.9276798531%,0.4240684125%,0.2951392052%,0.1575423456%,67.57%
家居用品,宠物用品,养狗用品,狗大衣/夹克,1.5378164802%,0.969719445%,0.6314127944%,0.8189967328%,82.45%
家居用品,宠物用品,养狗用品,狗项圈和牵引,2.2318752456%,1.4369300775%,1.2885345788%,1.7921838464%,153.57%
家居用品,宠物用品,养狗用品,狗羽绒服/棉服,0.3530778251%,0.10393353%,0.0190246526%,0.0122905376%,82.86%
家居用品,宠物用品,养狗用品,狗连衣裙,0.7439584152%,0.30003453%,0.1228889722%,0.1217880544%,127.26%
家居用品,宠物用品,养狗用品,狗干粮,0.0143650507%,0.0034317675%,0.0%,0.0%,98.48%
家居用品,宠物用品,养狗用品,狗喂食/喂水用品,0.5950155211%,0.2446359975%,0.0982083418%,0.1608943104%,74.64%
家居用品,宠物用品,养狗用品,狗栅栏,0.1118961844%,0.0367689375%,0.0262231698%,0.0022346432%,105.48%
家居用品,宠物用品,养狗用品,电推子,0.2895691799%,0.1299169125%,0.1599099178%,0.0508381328%,36.15%
家居用品,宠物用品,养狗用品,狗卫衣,0.5798944151%,0.2024742825%,0.0904956448%,0.0860337632%,111.95%
家居用品,宠物用品,养狗用品,狗连体衣/背带裤,0.5163857699%,0.20590605%,0.0709568124%,0.0592180448%,136.1%
家居用品,宠物用品,养狗用品,狗套装,0.0892145254%,0.0210808575%,0.002570899%,0.0011173216%,53.11%
家居用品,宠物用品,养狗用品,狗衬衫,0.0544359816%,0.0151978275%,0.0005141798%,0.0005586608%,76.65%
家居用品,宠物用品,养狗用品,狗鞋,0.5935034105%,0.2289479175%,0.0956374428%,0.1569836848%,67.03%
家居用品,宠物用品,养狗用品,狗短裤,0.2245484241%,0.0784404%,0.033421687%,0.0536314368%,56.31%
家居用品,宠物用品,养狗用品,狗短裙,0.0816539724%,0.022551615%,0.0035992586%,0.002793304%,85.51%
家居用品,宠物用品,养狗用品,狗毛衣,0.1837214379%,0.0612815625%,0.023138091%,0.0201117888%,123.83%
家居用品,宠物用品,养狗用品,狗牙刷,0.0030242212%,0.0004902525%,0.0%,0.0%,37.77%
家居用品,宠物用品,养狗用品,狗玩具,1.262612351%,0.6054618375%,0.2128704372%,0.5458116016%,121.17%
家居用品,宠物用品,养狗用品,狗训练用品,0.6963269313%,0.3024857925%,0.5928493094%,0.2508386992%,93.06%
家居用品,宠物用品,养狗用品,狗喂养保健品,0.007560553%,0.0014707575%,0.0%,0.0%,37.04%
家居用品,宠物用品,养狗用品,狗风衣,0.052923871%,0.01372707%,0.0010283596%,0.0005586608%,34.44%
家居用品,宠物用品,养狗用品,狗背心,0.9170950789%,0.397104525%,0.156824839%,0.2379895008%,115.31%
家居用品,宠物用品,养狗用品,狗湿粮,0.0015121106%,0.0%,0.0%,0.0%,"2,649.85%"
家居用品,宠物用品,养狗用品,狗用吹水机,0.0241937696%,0.0073537875%,0.010283596%,0.0005586608%,104.53%
家居用品,宠物用品,养狗用品,宠物追踪器,0.0%,0.0%,0.0%,0.0%,72.1%
家居用品,宠物用品,养狗用品,狗舍,0.2184999817%,0.10001151%,0.0226239112%,0.0094972336%,49.25%
家居用品,宠物用品,养狗用品,狗纪念品,0.0234377143%,0.00588303%,0.0005141798%,0.0022346432%,30.87%
家居用品,宠物用品,养狗用品,狗指甲钳,0.2351331983%,0.0897162075%,0.0215955516%,0.0687152784%,53.68%
家居用品,宠物用品,养狗用品,其它养狗用品,0.5791383598%,0.214730595%,0.0529605194%,0.12569868%,89.5%
家居用品,宠物用品,养狗用品,狗雨衣,0.158771613%,0.0553985325%,0.0221097314%,0.0156425024%,98.79%
家居用品,宠物用品,养狗用品,毛发剪,0.3508096592%,0.13923171%,0.0884389256%,0.0497208112%,52.2%
家居用品,宠物用品,养狗用品,过滤器,0.0189013825%,0.0073537875%,0.0005141798%,0.0005586608%,106.54%
家居用品,宠物用品,养狗用品,狗毛巾,0.0861903042%,0.0250028775%,0.0092552364%,0.0094972336%,71.14%
家居用品,宠物用品,家畜家禽类用品,家禽家畜笼子和附件,0.2764911604%,0.1214314254%,0.046168164%,0.0295426306%,81.71%
家居用品,宠物用品,家畜家禽类用品,携带用品,0.0644374484%,0.018699579%,0.00333585%,0.0034289136%,56.71%
家居用品,宠物用品,家畜家禽类用品,家禽喂养用品,0.4817501936%,0.199241532%,0.143063487%,0.1202659696%,110.88%
家居用品,宠物用品,家畜家禽类用品,其它家禽用品,0.1473922632%,0.0451106658%,0.02980026%,0.0068737018%,117.63%
家居用品,宠物用品,鱼和水生生物用品,空气泵及附件,0.3872591424%,0.1950152274%,0.0749543256%,0.0838770072%,80.08%
家居用品,宠物用品,鱼和水生生物用品,水族箱/鱼缸,0.4354424269%,0.2303921394%,0.074089052%,0.0728489304%,53.68%
家居用品,宠物用品,鱼和水生生物用品,二氧化碳和臭氧设备,0.2709469347%,0.1372329378%,0.0850131312%,0.057791364%,59.89%
家居用品,宠物用品,鱼和水生生物用品,鱼缸清洁工具,0.3538670057%,0.1615545648%,0.073548256%,0.0941628096%,74.81%
家居用品,宠物用品,鱼和水生生物用品,装饰品,0.8121684792%,0.5125230126%,0.2042045696%,0.4242628392%,170.56%
家居用品,宠物用品,鱼和水生生物用品,过滤器及附件,0.5271027216%,0.3440404692%,0.1463393976%,0.1189759824%,78.23%
家居用品,宠物用品,鱼和水生生物用品,喂食/水器,0.2545870288%,0.0969917004%,0.048130844%,0.032341956%,35.58%
家居用品,宠物用品,鱼和水生生物用品,鱼食,0.0298064039%,0.0078124014%,0.0008652736%,0.0006362352%,102.06%
家居用品,宠物用品,鱼和水生生物用品,照明,0.3668652871%,0.1826333082%,0.1478536264%,0.048778032%,112.04%
家居用品,宠物用品,鱼和水生生物用品,其它,0.4125833803%,0.1646500446%,0.0752788032%,0.048778032%,118.85%
家居用品,宠物用品,鱼和水生生物用品,零配件,0.2671370936%,0.096549489%,0.0242276608%,0.0199353696%,113.67%
家居用品,宠物用品,鱼和水生生物用品,控温器材,0.1913884882%,0.0944858358%,0.0457513416%,0.0384922296%,71.46%
家居用品,宠物用品,鱼和水生生物用品,养鱼水泵,0.2964952809%,0.1391491872%,0.0810112408%,0.0378559944%,126.54%
家居用品,宠物用品,昆虫用品,昆虫箱,0.1339133952%,0.0472145598%,0.0079858484%,0.0055792572%,81.41%
家居用品,宠物用品,昆虫用品,其它,0.1853186816%,0.0681044922%,0.0244901516%,0.0195299808%,113.44%
食品,咖啡,-,-,6.6%,4.77%,1.23%,0.76%,40.8%
食品,干果,-,-,7.43%,4.75%,1.02%,0.76%,35.77%
食品,干货/土特产,-,-,25.87%,20.65%,5.06%,3.93%,84.61%
食品,谷物制品,-,-,20.37%,19.06%,6.79%,7.54%,33.87%
食品,枸杞,-,-,2.06%,1.1%,0.23%,0.33%,64.41%
食品,坚果,-,-,11.81%,7.64%,0.61%,0.6%,34.14%
食品,茶叶,红茶,-,9.496201%,6.538682%,5.622466%,5.24448%,104.45%
食品,茶叶,水果茶,-,3.000389%,1.68403%,0.408288%,0.44064%,56.5%
食品,茶叶,谷物茶,-,0.694255%,0.336806%,0.025518%,0.0%,65.56%
食品,茶叶,绿茶,-,10.576824%,8.47822%,10.190188%,10.98144%,90.69%
食品,茶叶,草本茶,-,14.639725%,11.126212%,11.99346%,6.93792%,88.57%
食品,茶叶,乌龙茶,-,14.482763%,12.560541%,22.294226%,26.2656%,88.47%
食品,茶叶,其他茶,-,5.602336%,3.100938%,1.471538%,1.74528%,120.12%
食品,茶叶,普洱茶,-,26.472245%,24.197769%,26.700334%,33.912%,131.03%
食品,茶叶,白茶,-,2.758909%,1.782749%,1.633152%,1.41696%,60.22%
食品,茶叶,黄茶,-,0.42259%,0.226473%,0.136096%,0.11232%,27.97%
食品,茶叶,花茶,-,9.629015%,6.3877%,4.55071%,5.46048%,74.03%
五金,胶粘剂/密封剂,缝隙胶,-,0.927225%,0.507036%,0.1498%,0.23128%,49.16%
五金,胶粘剂/密封剂,环氧树脂胶,-,1.35135%,0.807612%,0.3836%,0.405035%,104.06%
五金,胶粘剂/密封剂,涂封物,-,1.252485%,0.668484%,0.331275%,0.23128%,54.25%
五金,胶粘剂/密封剂,硅密封胶,-,1.081665%,0.553164%,0.21805%,0.34692%,29.64%
五金,胶粘剂/密封剂,胶带,-,3.252015%,2.096964%,0.66745%,1.79301%,136.37%
五金,胶粘剂/密封剂,瓷砖填缝剂,-,0.11349%,0.055428%,0.0%,0.0%,568.54%
五金,胶粘剂/密封剂,木胶,-,0.123435%,0.05952%,0.0%,0.0%,133.24%
五金,托架,-,-,4.95%,3.1%,0.89%,0.4%,84.03%
五金,链条,-,-,1.35%,0.81%,0.35%,0.17%,64.38%
五金,夹具,-,-,7.87%,6.94%,5.8%,6.3%,67.27%
五金,门五金及锁,门自动启闭装置,-,2.846968%,1.793511%,1.250689%,0.115654%,68.91%
五金,门五金及锁,门插销,-,1.594608%,1.000392%,0.487039%,0.231308%,94.57%
五金,门五金及锁,闭门器,-,1.191176%,0.714321%,0.235883%,0.17273%,60.35%
五金,门五金及锁,门拉手,-,4.242728%,3.184467%,1.695303%,0.92373%,187.5%
五金,门五金及锁,门合页/铰链,-,2.516192%,2.047035%,1.350812%,1.444924%,69.5%
五金,门五金及锁,门牌,-,0.919672%,0.763998%,0.546434%,0.57827%,28.62%
五金,门五金及锁,门辊轴,-,1.638584%,1.396095%,0.970684%,1.097962%,35.93%
五金,门五金及锁,门掣/门顶/门阻器/门吸,-,2.730336%,2.112129%,1.471299%,3.004%,100.36%
五金,门五金及锁,猫眼,-,2.669152%,2.742513%,4.607355%,1.790384%,18.96%
五金,门五金及锁,门铃,-,3.869888%,3.720636%,3.991344%,5.488308%,43.72%
五金,门五金及锁,圆筒式门把,-,1.06116%,0.683487%,0.022061%,0.0%,589.11%
五金,门五金及锁,玻璃夹,-,1.133816%,0.902751%,0.334309%,0.17273%,49.07%
五金,门五金及锁,门环,-,0.122368%,0.056529%,0.010182%,0.0%,34.87%
五金,紧固件,锚栓件,-,0.978282%,0.562848%,0.06771%,0.058982%,75.9%
五金,紧固件,螺栓,-,3.840402%,3.119116%,2.936357%,2.426305%,140.4%
五金,紧固件,定位销,-,0.382398%,0.215332%,0.038369%,0.058982%,44.4%
五金,紧固件,扣眼,-,1.088544%,0.656656%,0.137677%,0.289548%,25.09%
五金,紧固件,钉,-,2.1114%,1.228032%,0.419802%,0.404831%,12.38%
五金,紧固件,螺母螺栓组合,-,2.866812%,1.987024%,0.846375%,1.560342%,36.05%
五金,紧固件,螺母,-,4.736574%,4.035876%,4.642649%,5.142158%,144.52%
五金,紧固件,照片墙钉,-,2.601714%,1.528644%,0.376919%,0.520114%,77.98%
五金,紧固件,销子,-,0.631074%,0.353912%,0.088023%,0.115283%,88.61%
五金,紧固件,止付螺钉,-,0.511428%,0.283556%,0.040626%,0.115283%,9.32%
五金,紧固件,铆钉,-,1.975332%,1.573416%,0.60939%,0.865963%,33.24%
五金,紧固件,螺丝钉,-,9.320658%,9.112168%,10.244523%,13.174434%,164.06%
五金,紧固件,U型钉,-,0.208794%,0.112996%,0.027084%,0.058982%,18.38%
五金,紧固件,大头钉,-,0.96186%,0.592696%,0.410774%,0.289548%,25.34%
五金,紧固件,螺纹嵌件,-,0.626382%,0.409344%,0.230214%,0.174265%,71.94%
五金,紧固件,垫圈,-,3.045108%,2.225808%,1.455765%,2.370004%,61.19%
五金,家具五金,柜门吸,-,2.574215%,1.554293%,0.49381%,0.924198%,17.59%
五金,家具五金,角码,-,4.50695%,3.467711%,1.951849%,2.542694%,39.85%
五金,家具五金,家具插销,-,1.15577%,0.666536%,0.046782%,0.057475%,143.36%
五金,家具五金,家具脚轮,-,5.30327%,3.654456%,0.98762%,0.694298%,56.57%
五金,家具五金,家具合页/铰链,-,6.32079%,5.05648%,2.840707%,3.234693%,31.83%
五金,家具五金,家具把手,-,16.609355%,18.61704%,19.245595%,15.653891%,153.48%
五金,家具五金,滑轨,-,3.26823%,2.120274%,0.421038%,0.172425%,162.99%
五金,车库门五金,-,-,0.22%,0.12%,0.13%,0.12%,13.37%
五金,搭扣,-,-,4.01%,2.9%,1.0%,1.79%,61.43%
五金,吊钩,-,-,4.91%,3.2%,2.32%,2.43%,30.62%
五金,锁具,-,-,14.78%,13.74%,15.11%,17.1%,59.06%
五金,大门五金,-,-,0.62%,0.34%,0.09%,0.06%,28.26%
五金,其他五金件,-,-,13.21%,8.15%,4.6%,2.43%,65.53%
五金,弹簧,-,-,2.3%,1.64%,0.87%,0.75%,87.24%
五金,窗户五金,窗户插销,-,1.272684%,0.737152%,0.074412%,0.057609%,173.85%
五金,窗户五金,密封条,-,2.640852%,1.746368%,1.123824%,1.384%,90.61%
五金,窗户五金,风撑,-,0.982962%,0.5408%,0.02496%,0.0%,116.37%
五金,窗户五金,窗户滑轮,-,1.36032%,0.936416%,0.270348%,0.230609%,57.53%
五金,窗户五金,窗饰五金,-,1.513356%,0.822848%,0.066456%,0.057609%,81.62%
工具,磨具,-,-,5.88%,3.78%,1.77%,3.32%,99.03%
工具,磨料,-,-,1.06%,0.53%,0.25%,0.18%,86.03%
工具,建筑工具,压胶枪,-,0.32026%,0.141916%,0.03542%,0.005148%,90.56%
工具,建筑工具,玻璃刀,-,0.894316%,0.452132%,0.119812%,0.154278%,159.17%
工具,建筑工具,施工设施部件,-,0.323476%,0.139196%,0.04004%,0.005148%,28.84%
工具,建筑工具,梯子,-,0.306324%,0.135524%,0.013354%,0.005148%,38.28%
工具,建筑工具,抹泥板,-,0.458414%,0.170068%,0.004752%,0.005148%,64.63%
工具,建筑工具,油灰刀,-,0.336876%,0.145112%,0.006622%,0.010278%,123.52%
工具,手工具,斧,-,1.395492%,0.651217%,0.192564%,0.077112%,60.81%
工具,手工具,刷,-,1.338918%,0.531177%,0.117678%,0.115668%,151.28%
工具,手工具,凿,-,1.439494%,0.693231%,0.1783%,0.173502%,57.09%
工具,手工具,锉,-,1.326346%,0.564188%,0.105197%,0.217566%,68.93%
工具,手工具,锤,-,1.301202%,0.495165%,0.115895%,0.132192%,47.13%
工具,手工具,刀,-,17.185924%,17.384793%,8.979188%,14.965236%,33.04%
工具,手工具,锁匠工具,-,2.913561%,1.662554%,1.182129%,0.465426%,236.13%
工具,手工具,钳,-,8.14037%,6.143047%,2.88846%,4.321026%,126.77%
工具,手工具,锯,-,1.364062%,0.654218%,0.126593%,0.217566%,46.76%
工具,手工具,剪,-,2.715552%,1.518506%,0.397609%,0.735318%,71.37%
工具,手工具,螺丝刀,-,6.106849%,4.216405%,1.886414%,4.067658%,135.64%
工具,手工具,丝锥板牙,-,1.942374%,0.987329%,0.297761%,0.374544%,252.88%
工具,手工具,扳手,-,4.717643%,3.385128%,1.358646%,1.770822%,169.82%
工具,起重工具,千斤顶,-,0.57024%,0.22249%,0.015468%,0.0%,37.52%
工具,起重工具,吊索,-,0.43695%,0.200906%,0.024532%,0.013334%,181.55%
工具,仪器仪表,分析仪器,碳分析仪,0.019111059%,0.0064022595%,0.009041088%,0.0%,24.4%
工具,仪器仪表,分析仪器,浓度计,0.348632046%,0.1527396195%,0.0643208832%,0.0355255416%,216.5%
工具,仪器仪表,分析仪器,密度计,0.283191147%,0.1178015748%,0.0074911872%,0.010118034%,352.94%
工具,仪器仪表,分析仪器,气体分析仪,0.443608218%,0.2227986306%,0.353894016%,0.0658796436%,76.19%
工具,仪器仪表,分析仪器,湿度计,0.7276680495%,0.3444415611%,0.2766572928%,0.187745742%,61.92%
工具,仪器仪表,分析仪器,PH计,1.614594924%,1.1449069203%,1.8717635328%,1.9440115992%,55.04%
工具,仪器仪表,计数器,-,0.628785%,0.3471%,0.302064%,0.35316%,275.86%
工具,仪器仪表,电工仪器仪表,电池测试器,1.2234894525%,0.6581682432%,0.3693758376%,0.67486914%,38.08%
工具,仪器仪表,电工仪器仪表,钳型表,0.846522432%,0.5374107648%,0.6721429176%,0.23292864%,186.74%
工具,仪器仪表,电工仪器仪表,电流测量仪表,0.8833688325%,0.4790313216%,0.1998262728%,0.27868248%,88.3%
工具,仪器仪表,电工仪器仪表,电能仪表,0.678351681%,0.4054572288%,0.635810868%,0.31923702%,52.57%
工具,仪器仪表,电工仪器仪表,频率测量仪表,0.406255185%,0.2063273472%,0.155708784%,0.09670698%,37.14%
工具,仪器仪表,电工仪器仪表,万用表,3.8934363195%,3.430791936%,3.243933%,2.96776044%,157.34%
工具,仪器仪表,电工仪器仪表,电位差计,0.064245006%,0.0303892992%,0.0242213664%,0.0051993%,644.36%
工具,仪器仪表,电工仪器仪表,功率测量仪表,0.555530346%,0.243914112%,0.168684516%,0.07590978%,65.96%
工具,仪器仪表,电工仪器仪表,电阻测量仪表,0.3580714305%,0.1903329792%,0.2240476392%,0.05615244%,290.25%
工具,仪器仪表,电工仪器仪表,电压测量仪表,4.8325471425%,3.4555832064%,2.9567367984%,5.76706356%,50.91%
工具,仪器仪表,电子测量仪器,金属探测仪,1.485796527%,1.2128034984%,2.3277171624%,0.349969788%,92.86%
工具,仪器仪表,电子测量仪器,示波器,1.995170049%,1.5272788752%,3.550249332%,0.618763788%,91.3%
工具,仪器仪表,电子测量仪器,信号发生器,0.4793011785%,0.3096326376%,0.6822047736%,0.1013890968%,109.42%
工具,仪器仪表,电子测量仪器,频谱分析仪,0.2342672685%,0.0986708112%,0.069612732%,0.0050533272%,199.88%
工具,仪器仪表,流量测量仪器,流量计,0.346677606%,0.1901497104%,0.4658576832%,0.0612144%,123.32%
工具,仪器仪表,流量测量仪器,流量传感器,0.5032638945%,0.227097117%,0.1641811584%,0.0918216%,61.44%
工具,仪器仪表,流量测量仪器,煤气表,0.030751191%,0.009413352%,0.0%,0.0%,534.07%
工具,仪器仪表,流量测量仪器,水表,0.0242490735%,0.009413352%,0.005400696%,0.0050960988%,15.21%
工具,仪器仪表,配件与附件,-,2.0826%,0.982293%,1.385328%,0.3924%,70.07%
工具,仪器仪表,物位测量仪器,-,1.0413%,0.551889%,0.453096%,0.262908%,63.45%
工具,仪器仪表,仪器仪表设计服务,-,0.092115%,0.031239%,0.010416%,0.003924%,20.02%
工具,仪器仪表,仪器仪表库存,-,0.204255%,0.06942%,0.1302%,0.01962%,27.42%
工具,仪器仪表,量具,百分表/千分表,0.3650633595%,0.23710401%,0.3444654528%,0.136796526%,106.99%
工具,仪器仪表,量具,量规,0.787308507%,0.401858496%,0.2551847088%,0.1570467204%,137.58%
工具,仪器仪表,量具,千分尺,0.2597006205%,0.15275871%,0.2025203712%,0.0810007776%,167.09%
工具,仪器仪表,量具,卷尺,0.707359896%,0.390987324%,0.137876592%,0.4360254624%,85.18%
工具,仪器仪表,量具,游标卡尺,1.4626360125%,1.038759228%,1.3202248752%,1.3533161832%,73.32%
工具,仪器仪表,光学仪器,激光水平仪,1.652891535%,1.334804289%,2.2458062592%,0.7454018628%,41.19%
工具,仪器仪表,光学仪器,激光测距仪,1.854520857%,1.0999956513%,2.8601481888%,0.9533840652%,65.24%
工具,仪器仪表,光学仪器,透镜,1.038625461%,0.5670482454%,0.4054927968%,0.2691067428%,149.61%
工具,仪器仪表,光学仪器,放大镜,2.9458981755%,2.0577420864%,2.1644364672%,3.1348157148%,79.51%
工具,仪器仪表,光学仪器,显微镜,2.6457987195%,1.685555781%,2.5441621632%,0.821609082%,218.59%
工具,仪器仪表,光学仪器,滤光镜，滤光片,0.131293512%,0.0516384141%,0.040684896%,0.0206394552%,102.82%
工具,仪器仪表,光学仪器,棱镜,0.290721348%,0.1256859513%,0.0908629344%,0.0762072192%,63.67%
工具,仪器仪表,光学仪器,折射仪,0.4958674605%,0.263063619%,0.3973558176%,0.146857662%,127.83%
工具,仪器仪表,光学仪器,光谱仪,0.0293065875%,0.0136403358%,0.0%,0.0%,189.45%
工具,仪器仪表,光学仪器,望远镜,3.9165323535%,3.6673017108%,2.7964085184%,1.7908696512%,62.32%
工具,仪器仪表,光学仪器,经纬仪,0.037512432%,0.0136403358%,0.013561632%,0.0%,43.2%
工具,仪器仪表,其他仪器仪表,-,6.26382%,3.200262%,3.744552%,0.977076%,128.48%
工具,仪器仪表,物理量测量仪器,测力仪器,0.217966518%,0.0795674685%,0.0837795336%,0.010171008%,271.7%
工具,仪器仪表,物理量测量仪器,硬度计,0.196736013%,0.0722998887%,0.1236150048%,0.015256512%,255.73%
工具,仪器仪表,物理量测量仪器,高度测量仪器,0.100491057%,0.0407235075%,0.012504408%,0.010171008%,41.82%
工具,仪器仪表,物理量测量仪器,速度测量仪器,0.8376613695%,0.4305414516%,0.4371183768%,0.238806792%,102.5%
工具,仪器仪表,物理量测量仪器,厚度测量仪器,1.3004863785%,0.6955575081%,1.1293266768%,0.437000184%,50.56%
工具,仪器仪表,压力测量仪器,压力表/压力计,0.9801536625%,0.5365891791%,0.290106432%,0.2674021572%,55.34%
工具,仪器仪表,压力测量仪器,压力监控器,0.1118296125%,0.0336746007%,0.008416128%,0.0252368136%,5.05%
工具,仪器仪表,压力测量仪器,减压器,0.365163885%,0.1582630218%,0.03041472%,0.0100756548%,234.3%
工具,仪器仪表,压力测量仪器,压力传感器,0.109052145%,0.0427203738%,0.025290048%,0.0050537196%,59.07%
工具,仪器仪表,压力测量仪器,压力变送器,0.0861014925%,0.0318502431%,0.062412672%,0.0100756548%,214.71%
工具,仪器仪表,温度测量仪器,-,7.47333%,5.595252%,6.786024%,8.65242%,79.69%
工具,仪器仪表,试验机,-,0.396495%,0.149253%,0.1302%,0.01962%,76.75%
工具,仪器仪表,计时器,-,1.03329%,0.458172%,0.135408%,0.17658%,94.59%
工具,仪器仪表,衡器，秤,-,2.65932%,1.815333%,2.479008%,3.774888%,68.12%
工具,其他工具,-,-,17.93%,8.49%,5.51%,4.52%,86.52%
工具,动力工具配件,-,-,6.74%,4.11%,1.5%,2.52%,57.15%
工具,动力工具,鼓风机,-,0.868266%,0.295336%,0.10311%,0.035489%,35.11%
工具,动力工具,钻头,-,9.94601%,7.770057%,5.171703%,10.063446%,193.45%
工具,动力工具,电钻,-,5.432405%,3.524602%,1.794114%,0.720581%,37.95%
工具,动力工具,电锤,-,0.650051%,0.242875%,0.039771%,0.0%,110.02%
工具,动力工具,电动套丝机,-,0.179166%,0.071891%,0.005892%,0.0%,260.81%
工具,动力工具,电刨,-,0.576547%,0.242875%,0.013257%,0.004629%,18.14%
工具,动力工具,电锯,-,2.191338%,1.191059%,0.232734%,0.035489%,41.58%
工具,动力工具,电动螺丝刀,-,2.889626%,1.874995%,0.777744%,0.212934%,58.59%
工具,动力工具,修边机,-,0.677615%,0.238989%,0.079542%,0.020059%,13.0%
工具,动力工具,电动板手,-,0.526013%,0.23316%,0.095745%,0.010801%,89.05%
工具,动力工具,胶枪,-,2.538185%,1.354271%,0.458103%,0.913456%,31.91%
工具,动力工具,研磨工具,-,3.365105%,1.688467%,0.372669%,0.146585%,40.41%
工具,动力工具,砂轮片,-,0.654645%,0.312823%,0.07365%,0.060177%,405.09%
工具,动力工具,热风枪,-,3.231879%,1.622405%,0.7365%,0.288541%,29.91%
工具,动力工具,热熔胶棒,-,1.784769%,0.996759%,0.2946%,0.800817%,38.85%
工具,动力工具,液压工具,-,0.973928%,0.452719%,0.4419%,0.020059%,258.33%
工具,动力工具,钉枪,-,0.785574%,0.382771%,0.26514%,0.075607%,65.6%
工具,动力工具,气动工具,-,2.005281%,0.926811%,0.430116%,0.075607%,221.28%
工具,动力工具,抛光机,-,1.261053%,0.516838%,0.378561%,0.03086%,32.69%
工具,动力工具,抛光垫,-,1.901916%,0.946241%,0.461049%,0.350261%,115.05%
工具,动力工具,砂光机,-,0.62019%,0.268134%,0.055974%,0.010801%,84.17%
工具,动力工具,砂光盘,-,0.215918%,0.093264%,0.026514%,0.01543%,265.38%
工具,动力工具,锯片,-,3.360511%,1.954658%,0.895584%,1.121761%,106.71%
工具,动力工具,喷枪,-,4.580218%,2.729915%,1.520136%,0.547765%,85.77%
工具,工具零件,-,-,5.44%,2.86%,0.88%,0.65%,72.42%
工具,组合工具,手动工具组合,-,12.356643%,9.058192%,4.5024%,6.833124%,96.97%
工具,组合工具,油漆工具组合,-,1.049087%,0.54353%,0.130382%,0.070788%,193.8%
工具,组合工具,动力工具组合,-,0.993941%,0.455026%,0.056749%,0.030536%,38.57%
工具,工具收纳整理,工具包,-,1.479777%,0.865536%,0.37795%,0.449228%,116.78%
工具,工具收纳整理,工具盒,-,0.892411%,0.427329%,0.05425%,0.060579%,66.79%
工具,工具收纳整理,工具柜,-,0.126958%,0.04557%,0.00135%,0.0%,138.37%
工具,工具收纳整理,工具箱,-,0.640965%,0.363972%,0.0665%,0.020193%,100.05%
建筑,板材,合成铝板，铝复合板，铝塑板,-,0.120175%,0.05802%,0.0%,0.0%,35.92%
建筑,板材,水泥板,-,0.17259%,0.08211%,0.0%,0.0%,16.67%
建筑,板材,石膏板,-,0.218295%,0.10371%,0.0%,0.0%,6.59%
建筑,板材,夹芯板,-,0.407825%,0.22347%,0.0%,0.0%,204.56%
建筑,建筑玻璃,-,-,0.22%,0.11%,0.01%,0.0%,29.04%
建筑,吊顶，天花板,天花龙骨零组件,-,0.158125%,0.08075%,0.0%,0.0%,23.53%
建筑,吊顶，天花板,吊顶天花板,-,1.343177%,1.08129%,0.7725%,0.081103%,86.4%
建筑,吊顶，天花板,护角,-,0.76659%,0.44935%,0.0972%,0.0%,193.89%
建筑,吊顶，天花板,线条,-,0.452111%,0.35454%,0.6303%,0.648897%,8.69%
建筑,台面,-,-,0.28%,0.17%,0.0%,0.0%,30.6%
建筑,幕墙及附件,幕墙型材,-,0.159992%,0.09152%,0.0%,0.0%,24.2%
建筑,幕墙及附件,幕墙,-,0.38836%,0.212736%,0.07%,0.0%,77.01%
建筑,幕墙及附件,驳接爪,-,0.163352%,0.09152%,0.0%,0.0%,228.54%
建筑,门，窗,门窗框,-,0.156%,0.083172%,0.015366%,0.0%,265.39%
建筑,门，窗,门窗栅栏,-,0.0352%,0.016356%,0.0%,0.0%,13.06%
建筑,门，窗,门槛,-,0.02%,0.0087%,0.0%,0.0%,22.85%
建筑,门，窗,门,-,3.3472%,3.047784%,3.887204%,0.33%,86.37%
建筑,门，窗,大门（外面不与建筑物相连的门）,-,0.1512%,0.087348%,0.0%,0.0%,178.25%
建筑,门，窗,百叶门窗,-,0.0788%,0.048372%,0.0%,0.0%,122.53%
建筑,门，窗,窗沿,-,0.0%,0.0%,0.0%,0.0%,0.0%
建筑,门，窗,窗,-,0.4248%,0.254388%,0.03743%,0.0%,126.28%
建筑,土工材料,土工格室,-,0.070012%,0.03942%,0.006632%,0.0%,68.97%
建筑,土工材料,土工格栅,-,0.248354%,0.12627%,0.00244%,0.0%,81.23%
建筑,土工材料,土工膜,-,0.170016%,0.12258%,0.070928%,0.0%,124.75%
建筑,土工材料,土工布,-,0.113344%,0.07455%,0.0%,0.0%,120.18%
建筑,壁炉，火炉,壁炉零部件,-,0.208356%,0.114646%,0.0%,0.0%,46.7%
建筑,壁炉，火炉,壁炉,-,1.666266%,1.157898%,2.276124%,0.08%,118.32%
建筑,壁炉，火炉,火炉,-,0.364526%,0.196441%,0.003876%,0.0%,48.04%
建筑,地暖系统及部件,-,-,4.62%,4.61%,7.48%,3.18%,40.23%
建筑,地板及附件,防静电地板,-,0.016926%,0.00792%,0.0%,0.0%,249.58%
建筑,地板及附件,竹地板,-,0.355012%,0.244944%,0.0%,0.0%,102.51%
建筑,地板及附件,软木地板,-,0.223727%,0.117504%,0.0%,0.0%,430.35%
建筑,地板及附件,复合地板,-,0.163184%,0.10656%,0.0%,0.0%,22.3%
建筑,地板及附件,地板附件,-,0.711543%,0.412704%,0.16826%,0.08%,96.37%
建筑,地板及附件,塑料地板,-,0.679644%,0.464688%,0.0318%,0.0%,15.65%
建筑,地板及附件,橡胶地板,-,0.13454%,0.06912%,0.0%,0.0%,93.59%
建筑,地板及附件,实木地板,-,0.380184%,0.229536%,0.0%,0.0%,92.03%
建筑,功能性材料,防火材料,硅酸钙板,0.36920961%,0.2077596072%,0.000916%,0.0%,63.64%
建筑,功能性材料,防火材料,氧化镁板,0.099024786%,0.0458385768%,0.0%,0.0%,215.72%
建筑,功能性材料,隔热材料,膨胀聚苯乙烯泡沫保温板,0.296925545%,0.1430226756%,0.0%,0.0%,110.56%
建筑,功能性材料,隔热材料,挤塑式聚苯乙烯隔热保温板,0.1811726%,0.0861766668%,0.002748%,0.0%,83.63%
建筑,功能性材料,多功能特殊材料,-,0.6713%,0.356868%,0.025877%,0.082%,58.27%
建筑,功能性材料,隔音材料,吸音板,1.283688721%,1.3722976404%,2.083253991%,0.6560082%,88.58%
建筑,功能性材料,隔音材料,声屏障,0.422812131%,0.245643381%,0.176976009%,0.0819918%,134.45%
建筑,功能性材料,防水材料,屋面毡,0.072140397%,0.034802703%,0.0%,0.0%,26.23%
建筑,功能性材料,防水材料,防水卷材,0.24156853%,0.1282250736%,0.0%,0.0%,122.72%
建筑,园林景观与装饰,其它园林景观与装饰,-,1.48%,1.13%,0.17%,0.08%,100.0%
建筑,冷暖通风系统及部件,-,-,2.37%,1.7%,0.81%,0.24%,52.62%
建筑,厨房和浴室设施,卫浴设施零件,浴缸把手,0.4864317408%,0.239426334%,0.019622148%,0.0%,155.58%
建筑,厨房和浴室设施,卫浴设施零件,浴缸枕头,0.0837813024%,0.038825892%,0.005282886%,0.0%,47.88%
建筑,厨房和浴室设施,卫浴设施零件,去水，地漏,7.3765060128%,6.651090999%,5.610424932%,7.347773%,120.91%
建筑,厨房和浴室设施,卫浴设施零件,进水阀,2.7397736352%,1.911096684%,0.510175848%,0.408157%,97.77%
建筑,厨房和浴室设施,卫浴设施零件,瓣阀、水箱球,0.181317744%,0.100300221%,0.003018792%,0.0%,36.66%
建筑,厨房和浴室设施,卫浴设施零件,冲水阀,1.1291718816%,0.685924092%,0.427913766%,0.162884%,38.03%
建筑,厨房和浴室设施,卫浴设施零件,软管,3.3187399488%,2.370536406%,0.69054867%,1.305913%,62.18%
建筑,厨房和浴室设施,卫浴设施零件,管口,0.4714261344%,0.278252226%,0.01509396%,0.0%,40.96%
建筑,厨房和浴室设施,卫浴设施零件,弯管,0.3226205376%,0.188736975%,0.058866444%,0.081442%,40.76%
建筑,厨房和浴室设施,卫浴设施零件,水箱拉杆,0.3526317504%,0.200600442%,0.0%,0.0%,708.11%
建筑,厨房和浴室设施,卫浴设施零件,座便器底座,0.1900710144%,0.101378718%,0.000754698%,0.0%,25.26%
建筑,厨房和浴室设施,卫浴设施零件,座厕按钮,0.4576709952%,0.257760783%,0.01886745%,0.081442%,14.84%
建筑,厨房和浴室设施,卫浴设施零件,座便器盖板,0.8928335808%,0.649255194%,0.186410406%,0.081442%,11.6%
建筑,厨房和浴室设施,台盆,-,2.106351%,2.162808%,3.0653%,0.162884%,296.75%
建筑,厨房和浴室设施,浴室柜,-,1.251738%,0.869193%,0.0%,0.0%,45.57%
建筑,厨房和浴室设施,浴缸、按摩浴缸（婴儿的请发布到婴儿浴盆下）,-,1.569438%,1.334313%,0.006342%,0.0%,92.68%
建筑,厨房和浴室设施,妇洗器,-,3.373974%,2.755836%,1.98716%,1.388302%,78.71%
建筑,厨房和浴室设施,橱柜及附件,橱柜零配件,2.35491948%,1.295420247%,0.1063477296%,0.162884%,84.81%
建筑,厨房和浴室设施,橱柜及附件,橱柜,2.200688838%,1.6376221125%,0.0015201774%,0.0%,116.09%
建筑,厨房和浴室设施,厨房水槽,-,4.67019%,3.380841%,1.103508%,1.551186%,90.18%
建筑,厨房和浴室设施,橱柜收纳件,-,1.115127%,0.776169%,0.027482%,0.081442%,32.71%
建筑,厨房和浴室设施,卫浴套件,-,0.787896%,0.49419%,0.050736%,0.0%,86.98%
建筑,厨房和浴室设施,淋浴房及附件,浴屏/淋浴隔断,0.6045970788%,0.41680566%,0.1598847796%,0.08167875%,83.02%
建筑,厨房和浴室设施,淋浴房及附件,淋浴门,0.6198619284%,0.4755317112%,0.1516346832%,0.0%,95.61%
建筑,厨房和浴室设施,淋浴房及附件,淋浴房,2.2959969318%,2.0372465304%,0.731543358%,0.57175125%,116.38%
建筑,厨房和浴室设施,淋浴房及附件,淋浴房底座,0.4500404766%,0.246350808%,0.0012531792%,0.0%,43.6%
建筑,厨房和浴室设施,太阳能集热器,-,0.451134%,0.200583%,0.006342%,0.0%,5.68%
建筑,厨房和浴室设施,水疗池与桑拿房,桑拿房,2.3274854496%,1.9344410568%,4.27028%,0.325768%,114.71%
建筑,厨房和浴室设施,水疗池与桑拿房,Spa水疗池,0.3660323364%,0.2041307028%,0.0%,0.0%,6.47%
建筑,厨房和浴室设施,蹲便器,-,0.168381%,0.078489%,0.002114%,0.0%,278.05%
建筑,厨房和浴室设施,厕所水箱,-,0.123903%,0.066861%,0.004228%,0.0%,19.2%
建筑,厨房和浴室设施,座便器,-,1.62027%,1.072683%,0.06342%,0.081442%,6.94%
建筑,厨房和浴室设施,小便器,-,3.110283%,2.447694%,1.851864%,4.897884%,19.73%
建筑,梯子和脚手架,脚手架,-,0.001578%,0.000666%,0.0%,0.0%,0.0%
建筑,梯子和脚手架,工作台,-,0.028422%,0.018666%,0.0%,0.0%,109.57%
建筑,环境石材,鹅卵石,-,0.676704%,0.4202%,0.073337%,0.16%,174.4%
建筑,环境石材,路边石、镶边石、侧石、井栏石,-,0.154888%,0.08162%,0.0%,0.0%,181.44%
建筑,环境石材,砾石，碎石,-,0.181792%,0.08283%,0.0%,0.0%,23.18%
建筑,环境石材,蘑菇石,-,0.111112%,0.05093%,0.0%,0.0%,37.94%
建筑,环境石材,铺路石,-,1.001528%,0.75647%,0.036663%,0.0%,46.29%
建筑,环境石材,盲人石,-,0.065664%,0.02948%,0.0%,0.0%,256.8%
建筑,金属建材,铝材,铝棒,0.2080910832%,0.1369910175%,0.0185526444%,0.0%,65.77%
建筑,金属建材,铝材,铝管,0.248420424%,0.129024164%,0.0%,0.0%,32.91%
建筑,金属建材,铝材,铝粉,0.0118493424%,0.0048578375%,0.0%,0.0%,129.45%
建筑,金属建材,铝材,铝型材,1.6711730448%,1.6710961%,1.5398694852%,0.246466%,117.36%
建筑,金属建材,铝材,铝带,0.0754616016%,0.047023867%,0.0022011612%,0.0%,42.79%
建筑,金属建材,铝材,铝丝,0.0168385392%,0.007383913%,0.0114774834%,0.0%,45.31%
建筑,金属建材,带刺金属丝,-,0.119436%,0.05464%,0.0%,0.0%,40.57%
建筑,金属建材,轴承钢,-,0.038736%,0.02049%,0.0%,0.0%,27.52%
建筑,金属建材,铜材,铜棒,0.163014%,0.094774446%,0.012893985%,0.0%,74.49%
建筑,金属建材,铜材,电解铜,0.03692025%,0.019018818%,0.0%,0.0%,31.28%
建筑,金属建材,铜材,铜管,0.36294825%,0.306218952%,0.076768803%,0.0817774188%,83.63%
建筑,金属建材,铜材,铜粉,0.0536655%,0.02876796%,0.020432007%,0.0%,177.41%
建筑,金属建材,铜材,铜板,0.28063425%,0.181557792%,0.058452732%,0.0817774188%,73.14%
建筑,金属建材,铜材,铜带,0.6048465%,0.424806876%,0.268525503%,0.4090016282%,103.22%
建筑,金属建材,铜材,铜丝,0.883665%,0.682759584%,0.22415697%,0.572671%,116.43%
建筑,金属建材,石墨制品,石墨坩埚,0.940166298%,0.7097800885%,0.3821458784%,0.4893075%,65.69%
建筑,金属建材,石墨制品,石墨电极,0.1058793684%,0.0507813915%,0.0%,0.0%,161.81%
建筑,金属建材,石墨制品,石墨模具,0.4263503664%,0.2566894995%,0.083349266%,0.0815186295%,87.83%
建筑,金属建材,石墨制品,石墨粉,0.25673091%,0.127069418%,0.026615732%,0.0815186295%,29.45%
建筑,金属建材,石墨制品,石墨棒,0.7068067536%,0.4333809165%,0.1879911176%,0.1631351205%,167.74%
建筑,金属建材,石墨制品,石墨板,0.7269911148%,0.470713355%,0.4408405716%,0.0815186295%,122.83%
建筑,金属建材,石墨制品,其它石墨产品,1.2524927292%,0.670128865%,0.2798854344%,0.0815186295%,88.03%
建筑,金属建材,金属锭,铝锭,0.021827736%,0.011007228%,0.0%,0.0%,120.88%
建筑,金属建材,金属锭,锑锭,0.0201349728%,0.012841766%,0.0149408592%,0.0%,170.24%
建筑,金属建材,金属锭,铋锭,0.2382341472%,0.139802587%,0.6236603808%,0.1631025%,37.63%
建筑,金属建材,金属锭,铜锭,0.0033855264%,0.001834538%,0.0%,0.0%,157.14%
建筑,金属建材,金属锭,铟锭,0.0167494464%,0.011600755%,0.0%,0.0%,188.57%
建筑,金属建材,金属锭,铅锭,0.0050782896%,0.001834538%,0.0%,0.0%,209.52%
建筑,金属建材,金属锭,镁锭,0.3858609168%,0.217878366%,0.049401228%,0.1631025%,88.14%
建筑,金属建材,金属锭,锰锭,0.0%,0.0%,0.0%,0.0%,0.0%
建筑,金属建材,金属锭,其它锭,0.1660689792%,0.093399567%,0.1153498592%,0.0%,120.63%
建筑,金属建材,金属锭,硅锭,0.0251241696%,0.013435293%,0.0%,0.0%,73.33%
建筑,金属建材,金属锭,钢锭,0.0100674864%,0.004910087%,0.0%,0.0%,104.76%
建筑,金属建材,金属锭,锡锭,0.1392520464%,0.079370747%,0.0%,0.0%,164.72%
建筑,金属建材,金属锭,钛锭,0.0050782896%,0.003075549%,0.0%,0.0%,419.05%
建筑,金属建材,金属锭,锌锭,0.0016927632%,0.000593527%,0.0%,0.0%,0.0%
建筑,金属建材,铁丝,-,0.3228%,0.174165%,0.0%,0.0%,69.48%
建筑,金属建材,磁性材料,-,17.618424%,22.64828%,38.091746%,66.451583%,131.7%
建筑,金属建材,镍,-,1.384812%,0.84692%,2.194304%,0.898876%,22.51%
建筑,金属建材,石英制品,石英坩埚,0.2835165312%,0.179749208%,0.104486585%,0.166727%,79.54%
建筑,金属建材,石英制品,石英板,0.1778034048%,0.09930137%,0.4596621162%,0.0%,171.7%
建筑,金属建材,石英制品,石英棒,0.0100507008%,0.006086213%,0.0%,0.0%,99.13%
建筑,金属建材,石英制品,石英石,0.0100507008%,0.004896427%,0.0%,0.0%,49.56%
建筑,金属建材,石英制品,石英管,0.2818534656%,0.182815195%,0.2245870144%,0.0%,77.18%
建筑,金属建材,稀土及其制品,-,2.443596%,1.52309%,0.90613%,1.058354%,35.34%
建筑,金属建材,弹簧钢,-,0.003228%,0.0%,0.0%,0.0%,48.69%
建筑,金属建材,不锈钢材 ,其它不锈钢,0.1846002816%,0.0940491%,0.05120859%,0.0%,68.24%
建筑,金属建材,不锈钢材 ,不锈钢角钢,0.0218574336%,0.011669055%,0.040966872%,0.0%,126.49%
建筑,金属建材,不锈钢材 ,不锈钢球,0.1696326912%,0.09892572%,0.034339878%,0.0%,724.84%
建筑,金属建材,不锈钢材 ,不锈钢棒,0.1796110848%,0.109898115%,0.0238571784%,0.0%,41.43%
建筑,金属建材,不锈钢材 ,不锈钢槽钢,0.0033261312%,0.001219155%,0.0%,0.0%,35.75%
建筑,金属建材,不锈钢材 ,不锈钢扁钢,0.0168682368%,0.009230745%,0.0%,0.0%,28.6%
建筑,金属建材,不锈钢材 ,不锈钢管,0.544060032%,0.43610916%,0.2806230732%,0.2457411%,48.99%
建筑,金属建材,不锈钢材 ,不锈钢板,0.1309070208%,0.075065115%,0.0600044184%,0.0%,28.41%
建筑,金属建材,不锈钢材 ,不锈钢带,0.2183367552%,0.14107365%,0.031327608%,0.0%,36.3%
建筑,金属建材,不锈钢材 ,不锈钢丝,1.18196448%,0.88580319%,0.682580382%,0.4914822%,68.35%
建筑,金属建材,钢,槽钢,0.0738327528%,0.0365961645%,0.0312962608%,0.0%,20.08%
建筑,金属建材,钢,钢管,0.0570184236%,0.03413634%,0.0%,0.0%,74.23%
建筑,金属建材,钢,钢轨,0.0%,0.0%,0.0%,0.0%,0.0%
建筑,金属建材,钢,螺纹钢,0.0268653528%,0.0140059395%,0.0%,0.0%,47.32%
建筑,金属建材,钢,圆钢,0.0386072028%,0.017670576%,0.0%,0.0%,10.97%
建筑,金属建材,钢,钢板,0.0335347236%,0.01706817%,0.001782872%,0.0%,63.1%
建筑,金属建材,钢,带钢,0.0%,0.0%,0.0%,0.0%,0.0%
建筑,金属建材,钢,钢结构,0.0452765736%,0.0207328065%,0.0%,0.0%,0.0%
建筑,金属建材,钢,钢丝,0.2801135736%,0.162850422%,0.2412088672%,0.079739%,110.32%
建筑,金属建材,钢,结构钢,0.3236993208%,0.1677198705%,0.0%,0.0%,144.5%
建筑,金属建材,钢,马口铁,0.1022949972%,0.0451302495%,0.0%,0.0%,93.09%
建筑,金属建材,钛材,其它钛,0.580907652%,0.358694525%,0.2052222816%,0.0%,65.07%
建筑,金属建材,钛材,钛棒,0.23662047%,0.152992%,0.0964396608%,0.0%,185.11%
建筑,金属建材,钛材,钛箔,0.132648204%,0.075898375%,0.074469192%,0.0%,149.64%
建筑,金属建材,钛材,钛管,0.295379754%,0.1945867%,0.2177298144%,0.0821471178%,113.2%
建筑,金属建材,钛材,钛粉,0.023574084%,0.01219155%,0.0195841632%,0.0%,61.67%
建筑,金属建材,钛材,钛板,0.364342746%,0.245384825%,0.088046448%,0.0821471178%,90.59%
建筑,金属建材,钛材,钛丝,0.411314988%,0.275983225%,0.12137244%,0.0821471178%,85.66%
建筑,金属建材,钨,钨棒,0.1191861528%,0.076140157%,0.0522401088%,0.0%,95.37%
建筑,金属建材,钨,钨坩埚,0.03692832%,0.023326499%,0.0395033496%,0.0%,77.92%
建筑,金属建材,钨,钨膜,0.099014058%,0.051581526%,0.0018911178%,0.0%,81.36%
建筑,金属建材,钨,钨管,0.135942378%,0.06692717%,0.000969804%,0.0%,100.0%
建筑,金属建材,钨,钨粉,0.0168023856%,0.011061185%,0.0%,0.0%,81.43%
建筑,金属建材,钨,钨板,0.0335586108%,0.021506304%,0.0075321444%,0.0%,188.57%
建筑,金属建材,钨,钨丝,0.0839196072%,0.059562381%,0.0595459656%,0.079739%,108.86%
建筑,金属建材,金属丝网,铝丝网,0.055323078%,0.029881933%,0.0318923474%,0.0%,120.0%
建筑,金属建材,金属丝网,铜丝网,0.0%,0.0%,0.0%,0.0%,0.0%
建筑,金属建材,金属丝网,铁丝网,0.1961587812%,0.101269093%,0.0%,0.0%,52.07%
建筑,金属建材,金属丝网,其它丝网,0.1760812668%,0.103740187%,0.0139779124%,0.0%,213.23%
建筑,金属建材,金属丝网,钢丝网,0.4007442564%,0.259327587%,0.0471917402%,0.0%,70.1%
建筑,其它家装,-,-,4.65%,2.64%,0.56%,0.33%,28.66%
建筑,塑料建筑材料,建筑膜,-,0.982085%,0.657564%,0.08932%,0.0%,53.14%
建筑,塑料建筑材料,塑料型材,-,4.253444%,3.771336%,2.10782%,1.47%,113.07%
建筑,塑料建筑材料,阳光板，PC颗粒板,-,0.119309%,0.063936%,0.00308%,0.0%,17.6%
建筑,荒料及石板材,人造石,-,0.552722%,0.300951%,0.0%,0.0%,91.13%
建筑,荒料及石板材,天然石材,玄武岩,0.0050136624%,0.0024478929%,0.0%,0.0%,0.0%
建筑,荒料及石板材,天然石材,花岗岩,0.207045688%,0.1213817238%,0.0%,0.0%,178.88%
建筑,荒料及石板材,天然石材,石灰石,0.0%,0.0%,0.0%,0.0%,0.0%
建筑,荒料及石板材,天然石材,大理石,0.2421413248%,0.1360972179%,0.0%,0.0%,112.93%
建筑,荒料及石板材,天然石材,砂岩,0.0016712208%,0.0012380148%,0.0%,0.0%,0.0%
建筑,荒料及石板材,天然石材,板岩,0.2605247536%,0.1324113102%,0.02%,0.0%,30.52%
建筑,楼梯及部件,栏杆，扶手,-,0.877084%,0.673196%,0.618543%,0.0%,142.25%
建筑,楼梯及部件,楼梯零部件,-,0.433532%,0.276208%,0.311457%,0.08%,68.61%
建筑,楼梯及部件,楼梯,-,0.599864%,0.365146%,0.0%,0.0%,60.57%
建筑,石雕石刻,拱门,-,0.14595%,0.070673%,0.01%,0.0%,26.21%
建筑,石雕石刻,柱子,-,0.04195%,0.021924%,0.0%,0.0%,177.33%
建筑,石雕石刻,雕像,-,0.349%,0.21141%,0.0%,0.0%,139.46%
建筑,石雕石刻,石制园林产品,-,0.0436%,0.019488%,0.0%,0.0%,24.36%
建筑,石雕石刻,浮雕,-,0.05705%,0.025578%,0.0%,0.0%,48.43%
建筑,阳光房，玻璃房,-,-,0.07%,0.04%,0.0%,0.0%,6.83%
建筑,瓷砖及附件,马赛克,-,10.769595%,9.648998%,6.05664%,0.328%,123.25%
建筑,瓷砖及附件,瓷砖附件,-,1.737572%,1.523154%,1.08%,0.492%,42.06%
建筑,瓷砖及附件,瓷砖,-,1.898697%,1.324072%,0.06408%,0.0%,21.3%
建筑,木材,防腐木,-,0.146795%,0.070455%,0.0%,0.0%,109.96%
建筑,木材,防火板,-,0.36102%,0.201465%,0.013028%,0.08%,57.48%
建筑,木材,纤维板/密度板,-,0.01012%,0.00495%,0.0%,0.0%,0.0%
建筑,木材,指接板/集成材,-,0.17545%,0.090222%,0.007028%,0.0%,118.27%
建筑,木材,刨花板,-,0.0%,0.0%,0.0%,0.0%,0.0%
建筑,木材,细木工板/大芯板,-,0.11979%,0.055011%,0.0%,0.0%,19.25%
建筑,木材,三聚氰胺板,-,0.001705%,0.001221%,0.0%,0.0%,0.0%
建筑,木材,胶合板,-,0.18557%,0.080322%,0.0%,0.0%,12.42%
建筑,木材,实木板,-,0.247995%,0.125466%,0.0%,0.0%,139.46%
建筑,木材,木皮,-,0.126555%,0.058707%,0.0%,0.0%,291.56%
照明灯饰,商业照明,广告灯,-,0.738072%,0.255068%,0.101232%,0.020196%,95.53%
照明灯饰,商业照明,镭射灯,-,0.31758%,0.11067%,0.00444%,0.005049%,19.11%
照明灯饰,商业照明,光纤灯,-,1.136052%,0.506974%,0.326784%,0.100606%,30.61%
照明灯饰,商业照明,专业灯具,-,0.459084%,0.177072%,0.174048%,0.010098%,70.29%
照明灯饰,商业照明,光效灯（舞台灯）,-,6.148992%,4.383586%,8.273496%,1.734238%,119.77%
照明灯饰,节日照明,-,-,6.71%,3.86%,2.0%,1.84%,58.21%
照明灯饰,室内灯饰灯具,小书灯,-,1.89486%,0.942952%,0.246679%,1.521%,33.09%
照明灯饰,室内灯饰灯具,吊扇灯,-,0.54813%,0.339584%,0.122248%,0.009464%,85.65%
照明灯饰,室内灯饰灯具,吸顶灯,-,6.13833%,4.493424%,2.307431%,0.519168%,143.15%
照明灯饰,室内灯饰灯具,枝形吊灯,-,5.02392%,3.92644%,2.901207%,0.210912%,155.51%
照明灯饰,室内灯饰灯具,阅读台灯,-,3.90225%,1.895%,0.388574%,0.4732%,53.16%
照明灯饰,室内灯饰灯具,筒灯（非LED等光源，支架请发布到附件类目下）,-,5.1909%,3.508024%,4.045099%,1.657552%,93.68%
照明灯饰,室内灯饰灯具,落地灯,-,0.97284%,0.48512%,0.185555%,0.014872%,71.67%
照明灯饰,室内灯饰灯具,格栅灯,-,0.12705%,0.039416%,0.004366%,0.0%,63.99%
照明灯饰,室内灯饰灯具,小夜灯,-,11.89551%,6.906896%,2.27032%,6.517992%,48.58%
照明灯饰,室内灯饰灯具,吊灯,-,11.34375%,8.04996%,5.466232%,1.092416%,145.32%
照明灯饰,室内灯饰灯具,射灯(含支架，非灯泡类),-,0.9801%,0.388096%,0.074222%,0.035152%,19.53%
照明灯饰,室内灯饰灯具,桌面装饰灯,-,4.91139%,2.449856%,0.526103%,0.373152%,59.64%
照明灯饰,室内灯饰灯具,轨道灯,-,0.75504%,0.312296%,0.288156%,0.035152%,124.87%
照明灯饰,室内灯饰灯具,壁灯,-,8.40345%,5.105888%,2.997259%,1.097824%,123.12%
照明灯饰,LED照明,LED硬条灯,-,2.36402%,1.213785%,0.769284%,0.483413%,71.89%
照明灯饰,LED照明,LED筒灯,-,0.757468%,0.290385%,0.272769%,0.059938%,113.27%
照明灯饰,LED照明,LED电子蜡烛,-,0.08998%,0.027945%,0.0%,0.0%,66.96%
照明灯饰,LED照明,LED模块,-,1.536204%,0.71928%,1.083534%,0.22151%,191.93%
照明灯饰,LED照明,LED面板灯,-,1.31698%,0.591705%,0.383385%,0.121179%,166.24%
照明灯饰,LED照明,LED射灯,-,2.36402%,1.12266%,0.443721%,0.28666%,111.68%
照明灯饰,LED照明,LED灯带,-,12.132576%,9.19755%,9.61605%,11.876845%,83.78%
照明灯饰,照明附件,镇流器,-,0.182196%,0.090651%,0.018348%,0.024886%,76.16%
照明灯饰,照明附件,吊灯的水晶,-,0.553095%,0.347721%,0.223512%,0.15148%,372.95%
照明灯饰,照明附件,连接器,-,2.865249%,1.503183%,0.53376%,1.496406%,131.32%
照明灯饰,照明附件,调光器,-,1.442385%,0.763092%,0.321924%,0.594018%,77.11%
照明灯饰,照明附件,插座（墙插&地插）,-,4.465971%,1.715604%,0.61716%,0.387356%,14.09%
照明灯饰,照明附件,手电筒固定器,-,0.659376%,0.342309%,0.055044%,0.161218%,33.84%
照明灯饰,照明附件,灯座,-,1.936917%,1.139226%,0.502068%,0.826648%,119.09%
照明灯饰,照明附件,灯罩,-,0.674559%,0.347721%,0.109254%,0.15148%,44.48%
照明灯饰,照明附件,灯头转换器,-,0.724446%,0.407253%,0.311916%,0.826648%,227.0%
照明灯饰,照明附件,灯珠,-,1.84365%,1.021515%,0.32109%,0.447948%,114.97%
照明灯饰,照明附件,照明变压器,-,3.463893%,2.262216%,1.617126%,2.609784%,129.9%
照明灯饰,照明附件,吊灯升降器,-,0.062901%,0.021648%,0.02502%,0.0%,113.33%
照明灯饰,照明附件,便携式照明配件,-,1.3014%,0.572319%,0.092574%,0.166628%,35.82%
照明灯饰,照明附件,光色控制器,-,3.301218%,1.821138%,1.449492%,1.707396%,141.69%
照明灯饰,照明附件,启辉器、启动器,-,0.062901%,0.020295%,0.001668%,0.00541%,45.81%
照明灯饰,照明附件,开关,-,4.060368%,2.397516%,1.858152%,1.365484%,104.58%
照明灯饰,照明附件,电线电缆,-,1.704834%,0.776622%,0.281058%,0.307288%,59.6%
照明灯饰,灯泡、灯管,节能、荧光灯泡灯管,-,0.243639%,0.094656%,0.015561%,0.018864%,40.88%
照明灯饰,灯泡、灯管,卤素灯泡,-,0.942678%,0.395328%,0.162279%,0.286104%,90.7%
照明灯饰,灯泡、灯管,高压钠灯,-,0.011385%,0.003712%,0.0%,0.0%,7.05%
照明灯饰,灯泡、灯管,白炽灯泡,-,1.202256%,0.579072%,0.535743%,0.6288%,48.49%
照明灯饰,灯泡、灯管,LED灯泡灯管,-,19.379547%,16.874752%,21.022911%,30.352176%,102.77%
照明灯饰,灯泡、灯管,水银灯，汞灯,-,0.799227%,0.270976%,0.15561%,0.040872%,209.12%
照明灯饰,灯泡、灯管,金属卤化物灯，金卤灯,-,0.111573%,0.040832%,0.033345%,0.006288%,50.54%
照明灯饰,灯泡、灯管,霓虹灯灯泡灯管，氖灯,-,1.514205%,0.506688%,0.11115%,0.01572%,51.35%
照明灯饰,灯泡、灯管,紫外线UV灯,-,0.601128%,0.28768%,0.151164%,0.100608%,149.38%
照明灯饰,灯泡、灯管,氙灯,-,0.093357%,0.031552%,0.042237%,0.006288%,42.97%
照明灯饰,新奇特灯,-,-,4.99%,2.02%,0.32%,0.6%,22.26%
照明灯饰,其它照明产品,-,-,3.4%,1.38%,0.27%,0.44%,66.61%
照明灯饰,室外照明,泛光灯,-,3.186459%,2.021061%,2.456928%,0.947784%,127.85%
照明灯饰,室外照明,景观照明,-,1.403514%,0.655004%,0.207438%,0.065688%,58.02%
照明灯饰,室外照明,灯笼,-,0.262683%,0.101108%,0.009878%,0.009936%,70.3%
照明灯饰,室外照明,草坪灯,-,1.455543%,0.7693%,0.217316%,0.151248%,157.95%
照明灯饰,室外照明,灯串,-,1.902231%,0.995694%,0.595374%,0.3174%,106.87%
照明灯饰,室外照明,路径灯,-,0.300753%,0.135177%,0.015266%,0.009936%,31.33%
照明灯饰,室外照明,"户外壁灯,廊灯",-,1.20555%,0.709954%,0.322382%,0.090528%,48.93%
照明灯饰,室外照明,太阳能灯,-,7.102593%,6.353319%,3.823684%,3.60456%,97.53%
照明灯饰,室外照明,路灯，街灯,-,0.890838%,0.398937%,0.297238%,0.03036%,110.26%
照明灯饰,室外照明,埋地灯,-,0.762669%,0.389046%,0.401406%,0.075624%,125.22%
照明灯饰,室外照明,水下灯具,-,1.426356%,0.855022%,0.63309%,0.216936%,66.3%
照明灯饰,便携式照明,手电筒,-,18.422096%,14.809842%,7.916748%,15.126048%,100.78%
照明灯饰,便携式照明,头灯,-,5.317872%,3.829572%,2.957444%,4.347312%,119.24%
照明灯饰,便携式照明,便携提灯,-,1.804544%,0.890682%,0.147098%,0.246%,43.34%
照明灯饰,便携式照明,便携式探照灯,-,0.30856%,0.138831%,0.036498%,0.01968%,53.59%
照明灯饰,专业灯具,应急灯,-,0.87854%,0.388784%,0.0483%,0.0605%,35.6%
照明灯饰,专业灯具,植物生长灯,-,4.59668%,3.020032%,3.2613%,2.0889%,100.71%
照明灯饰,专业灯具,指示灯,-,0.23622%,0.08648%,0.0105%,0.01518%,176.84%
照明灯饰,专业灯具,工业照明,-,0.54746%,0.215448%,0.13755%,0.0253%,173.43%
照明灯饰,专业灯具,业余摄影灯,-,0.10354%,0.038728%,0.02275%,0.00506%,54.4%
照明灯饰,专业灯具,紫外线胶体固化灯,-,0.16306%,0.057152%,0.01995%,0.01012%,97.89%
